cluster_id,scope,size,n_distinct_locations,first_seen,last_seen,top5_companies,top3_product_families,representative_text_300
Y2024-1,2024,34309,2588,2024-01-01,2024-12-31,"TRANSUNION INTERMEDIATE HOLDINGS, INC. (12655); EQUIFAX, INC. (12346); Experian Information Solutions Inc. (8799); LEXISNEXIS (392); CAPITAL ONE FINANCIAL CORPORATION (8)",Credit reporting (34265); Debt collection (39); Credit & prepaid cards (5),"In accordance with the Fair Credit Reporting act. The List of accounts below has violated my federally protected consumer rights to privacy and confidentiality under 15 USC 1681.

15 U.S.C 1681 section 602 A. States I have the right to privacy.

15 U.S.C 1681 Section 604 A Section 2 : It also states"
Y2023-2,2023,24200,2455,2023-01-01,2023-12-31,"TRANSUNION INTERMEDIATE HOLDINGS, INC. (8622); EQUIFAX, INC. (8289); Experian Information Solutions Inc. (6865); LEXISNEXIS (164); CAPITAL ONE FINANCIAL CORPORATION (16)",Credit reporting (24100); Debt collection (77); Vehicle & consumer loans (9),"In accordance with the Fair Credit Reporting act. The List of accounts below has violated my federally protected consumer rights to privacy and confidentiality under 15 USC 1681. 

XXXX XXXX XXXX XXXX XXXX XXXX XXXX XXXX XXXX XXXX : # XXXX XXXX U.S.C 1681 section 602 A. States I have the right to pr"
Y2025H1-8,2025H1,23481,4952,2025-01-16,2025-06-30,"Block, Inc. (23424); Early Warning Services, LLC (24); Chime Financial Inc (7); EQUIFAX, INC. (5); Paypal Holdings, Inc (4)",Money transfers & virtual currency (23441); Bank accounts (19); Credit reporting (10),"I am filing a complaint against Cash App ( Block , Inc. ) due to inadequate customer service and unfair practices, which violate the Consumer Financial Protection Act ( CFPA ). Specifically, Cash App failed to take timely and effective measures to prevent and address fraud on their platform, leaving"
Y2022-3,2022,16251,2359,2022-02-19,2022-12-31,"Experian Information Solutions Inc. (5398); TRANSUNION INTERMEDIATE HOLDINGS, INC. (5365); EQUIFAX, INC. (5235); CAPITAL ONE FINANCIAL CORPORATION (12); Portfolio Recovery Associates, LLC (9)",Credit reporting (16135); Debt collection (81); Credit & prepaid cards (19),"In accordance with the Fair Credit Reporting Act XXXX Account  XXXX XXXX XXXXXXXXXXXX XXXX XXXX XXXX XXXXXXXX XXXX XXXX # XXXX XXXX # XXXX XXXX # XXXX XXXX XXXX XXXX # XXXXXXXX XXXX XXXX XXXXXXXX # XXXX Has violated my rights. 

15 U.S.C 1681 section 602 A. States I have the right to privacy.

15 U."
Y2025H1-12095,2025H1,12461,1823,2025-01-22,2025-06-09,"EQUIFAX, INC. (4484); Experian Information Solutions Inc. (4176); TRANSUNION INTERMEDIATE HOLDINGS, INC. (3792); DISCOVER BANK (2); Resurgent Capital Services L.P. (2)",Credit reporting (12460); Bank accounts (1),"I have not supplied proof under the doctrine of estoppel by silence, Engelhardt V. Gravens ( mo ) 281 SW 715.719. I pressume that no proof of the alleged debt, nor therefore any such debt, in fact therefore exist."
Y2024-2,2024,12373,1059,2024-02-21,2024-12-31,"TRANSUNION INTERMEDIATE HOLDINGS, INC. (4199); EQUIFAX, INC. (4056); Experian Information Solutions Inc. (3991); AMERICAN EXPRESS COMPANY (12); NAVY FEDERAL CREDIT UNION (11)",Credit reporting (12344); Credit & prepaid cards (24); Debt collection (4),"My accounts was never late! I have had exceptional payment history with XXXX XXXX  and all payments were placed on Autopay. This late payment that is reporting is a result on a systematic error on their end processing my payment. 

This was clearly a billing error made my the company and is not a re"
Y2025H2-683,2025H2,12359,1701,2025-07-01,2025-12-29,"TRANSUNION INTERMEDIATE HOLDINGS, INC. (4643); EQUIFAX, INC. (4338); Experian Information Solutions Inc. (3363); Resurgent Capital Services L.P. (2); Fidelity National Information Services, Inc. (FNIS) (2)",Credit reporting (12359),"You have reported inaccurate and unauthorized accounts on my credit report, which is a violation of the Fair Credit Reporting Act ( 15 U.S. Code 1681i ) requiring a proper reinvestigation of disputed items, and 1681e ( b ), which mandates maximum possible accuracy. These false entries are damaging a"
Y2025H1-25,2025H1,9927,3506,2025-01-15,2025-06-29,"Early Warning Services, LLC (9830); JPMORGAN CHASE & CO. (23); BANK OF AMERICA, NATIONAL ASSOCIATION (21); Block, Inc. (16); WELLS FARGO & COMPANY (14)",Money transfers & virtual currency (9907); Bank accounts (12); Credit reporting (8),"I am writing to formally express my concerns regarding Zelle 's handling of disputes, particularly in light of the recent CFPB lawsuit highlighting significant issues with the platform. Despite using Zelle numerous times and reporting discrepancies, my financial institution and Zelle failed to inves"
Y2024-25472,2024,9327,1247,2024-01-02,2024-12-30,"TRANSUNION INTERMEDIATE HOLDINGS, INC. (3170); EQUIFAX, INC. (3135); Experian Information Solutions Inc. (3021); Credit Control, LLC (1)",Credit reporting (9327),My credit reports are inaccurate. These inaccuracies are causing creditors to deny me credit. You have the duty to report accurate information about consumers. Please investigate these accounts and inquires and update these accounts accordingly to avoid future litigation.
Y2025H2-43,2025H2,9238,1332,2025-07-01,2025-12-29,"TRANSUNION INTERMEDIATE HOLDINGS, INC. (3917); EQUIFAX, INC. (3755); Experian Information Solutions Inc. (1562); BANK OF AMERICA, NATIONAL ASSOCIATION (2); CAPITAL ONE FINANCIAL CORPORATION (1)",Credit reporting (9238),"The Fair Credit Reporting Act ( 15 U.S. Code 1681 ) says ( 1 ) The banking system is dependent upon fair and accurate credit reporting. Inaccurate credit reports directly impair the efficiency of the banking system, and unfair credit reporting methods undermine the public confidence which is essenti"
Y2024-198,2024,9078,676,2024-01-02,2024-11-22,"Experian Information Solutions Inc. (4002); EQUIFAX, INC. (3247); TRANSUNION INTERMEDIATE HOLDINGS, INC. (1829)",Credit reporting (9078),I'm really not sure what happened. I have mailed off letters to the credit bureaus continuously and thus far I have not gotten a response. My name is XXXX XXXX and I am filing this complaint for falsely reporting misleading information. There is no third party involved. Please review the uploaded le
Y2025H1-1637,2025H1,8719,1247,2025-01-01,2025-06-30,"EQUIFAX, INC. (2901); Experian Information Solutions Inc. (2891); TRANSUNION INTERMEDIATE HOLDINGS, INC. (2738); CBC Companies, Inc. (131); TRUIST FINANCIAL CORPORATION (3)",Credit reporting (8718); Credit & prepaid cards (1),"I am writing to have the following information removed from my credit file, the items that I need deleted are going to be attached in a word document. I am a victim of identity theft. I have multiple accounts and inquiries that I DID NOT apply for listed on my credit report. I ask that these items b"
Y2025H2-48,2025H2,8442,1083,2025-07-01,2025-12-27,"TRANSUNION INTERMEDIATE HOLDINGS, INC. (2934); EQUIFAX, INC. (2805); Experian Information Solutions Inc. (2697); LEXISNEXIS (2); National Consumer Telecom & Utilities Exchange, Inc. (2)",Credit reporting (8442),"The Fair Credit Reporting Act ( 15 U.S. Code 1681 ) says ( 1 ) The banking system is dependent upon fair and accurate credit reporting. Inaccurate credit reports directly impair the efficiency of the banking system, and unfair credit reporting methods undermine the public confidence which is essenti"
Y2025H1-80,2025H1,8261,1013,2025-01-01,2025-06-30,"EQUIFAX, INC. (2920); Experian Information Solutions Inc. (2899); TRANSUNION INTERMEDIATE HOLDINGS, INC. (2372); LEXISNEXIS (41); Fidelity National Information Services, Inc. (FNIS) (2)",Credit reporting (8253); Debt collection (6); Credit & prepaid cards (1),"In accordance with the Fair Credit Reporting act. The List of accounts below has violated my federally protected consumer rights to privacy and confidentiality under 15 USC 1681. 


XXXX XXXX XXXX XXXX XXXX XXXX XXXX XXXX XXXX XXXX XXXX XXXX XXXX XXXX XXXX XXXX XXXX XXXX XXXX XXXX XXXX XXXX XXXX XXX"
Y2025H2-6,2025H2,7616,1816,2025-08-07,2025-12-29,"Experian Information Solutions Inc. (2715); TRANSUNION INTERMEDIATE HOLDINGS, INC. (2469); EQUIFAX, INC. (2421); CBC Companies, Inc. (7); LEXISNEXIS (4)",Credit reporting (7616),"This CFPB complaint has been filed to request pursuant to FCRA 605B ( 15. U. S. C.

1681c2 ) that you, the Experian credit reporting agencys block the information appearing on my consumer credit report that is the result of identity theft, and fraud within four business days of you receiving this co"
Y2025H2-93,2025H2,7375,998,2025-07-01,2025-12-29,"TRANSUNION INTERMEDIATE HOLDINGS, INC. (3250); EQUIFAX, INC. (2559); Experian Information Solutions Inc. (1565); LEXISNEXIS (1)",Credit reporting (7375),"This CFPB complaint has been filed to request pursuant to FCRA 605B ( 15 U.S.C. 1681c-2 ) that you -- credit reporting agency, block information appearing on my consumer credit report that is the result of identity theft and fraud within 4 business days of you receiving this complaint. I am concerne"
Y2025H2-11,2025H2,7102,1033,2025-07-01,2025-12-30,"EQUIFAX, INC. (2532); TRANSUNION INTERMEDIATE HOLDINGS, INC. (2269); Experian Information Solutions Inc. (2242); LEXISNEXIS (49); JPMORGAN CHASE & CO. (2)",Credit reporting (7100); Debt collection (2),"In accordance with the Fair Credit Reporting act. The List of accounts below has violated my federally protected consumer rights to privacy and confidentiality under 15 USC 1681.

15 U.S.C 1681 section 602 A. States I have the right to privacy.

15 U.S.C 1681 Section 604 A Section 2 : It also states"
Y2024-830,2024,6520,603,2024-01-09,2024-11-22,"Experian Information Solutions Inc. (2641); EQUIFAX, INC. (2435); TRANSUNION INTERMEDIATE HOLDINGS, INC. (1444)",Credit reporting (6520),Please take a look at the attached letters and ID docs for verification that it is I XXXX XXXX filing this complaint. The stuff on my credit report is wrong and Under 15 U.S. Code 1681b Permissible purposes of consumer reports i never gave any written consent to report anything on my consumer report
Y2025H1-807,2025H1,6442,685,2025-01-02,2025-06-30,"Experian Information Solutions Inc. (2159); EQUIFAX, INC. (2149); TRANSUNION INTERMEDIATE HOLDINGS, INC. (2129); Early Warning Services, LLC (2); Maximus Federal Services, Inc. (1)",Credit reporting (6406); Debt collection (36),"The Fair Credit Reporting Act ( 15 U.S. Code 1681 ) says ( 1 ) The banking system is dependent upon fair and accurate credit reporting. Inaccurate credit reports directly impair the efficiency of the banking system, and unfair credit reporting methods undermine the public confidence which is essenti"
Y2025H1-10586,2025H1,6293,1083,2025-04-08,2025-06-30,"TRANSUNION INTERMEDIATE HOLDINGS, INC. (2284); EQUIFAX, INC. (2182); Experian Information Solutions Inc. (1824); AMERICAN EXPRESS COMPANY (1); Credit Control, LLC (1)",Credit reporting (6293),"You have reported inaccurate and unauthorized accounts on my credit report, which is a violation of the Fair Credit Reporting Act ( 15 U.S. Code 1681i ) requiring a proper reinvestigation of disputed items, and 1681e ( b ), which mandates maximum possible accuracy. These false entries are damaging a"
Y2023-24,2023,6150,747,2023-01-02,2023-12-28,"TRANSUNION INTERMEDIATE HOLDINGS, INC. (2277); EQUIFAX, INC. (2053); Experian Information Solutions Inc. (1799); JPMORGAN CHASE & CO. (2); BARCLAYS BANK DELAWARE (2)",Credit reporting (6122); Debt collection (13); Credit & prepaid cards (10),My name is XXXX XXXX XXXX this complaint is not made in error neither is it being made by a third party.I declare under penalty of perjury I am alleging that a person or company- without my authorization- from unauthorized use of my social security number and card used my personal identifying inform
Y2022-4,2022,5525,1289,2022-04-18,2022-12-31,"TRANSUNION INTERMEDIATE HOLDINGS, INC. (1809); Experian Information Solutions Inc. (1799); EQUIFAX, INC. (1783); LEXISNEXIS (8); CAPITAL ONE FINANCIAL CORPORATION (8)",Credit reporting (5483); Debt collection (33); Credit & prepaid cards (5),"In accordance with the Fair Credit Reporting act. The List of accounts below has violated my federally protected consumer rights to privacy and confidentiality under 15 USC 1681. 
XXXX XXXX / # XXXX has violated my rights. 

15 U.S.C 1681 section 602 A. States I have the right to privacy.

15 U.S.C "
Y2023-13,2023,5502,697,2023-01-02,2023-12-30,"TRANSUNION INTERMEDIATE HOLDINGS, INC. (1944); EQUIFAX, INC. (1926); Experian Information Solutions Inc. (1629); LEXISNEXIS (2); CCS Financial Services, Inc. (1)",Credit reporting (5501); Debt collection (1),"This is my 5th endeavor to tell you that I am a victim of identity theft and I complain to question specific records in my document coming about because of the wrongdoing. The records I am questioning connect with no exchanges acquiring any possession of goods, services or money that I have made or "
Y2025H1-7,2025H1,5352,2041,2025-01-14,2025-06-30,"Experian Information Solutions Inc. (3618); EQUIFAX, INC. (834); TRANSUNION INTERMEDIATE HOLDINGS, INC. (714); Resurgent Capital Services L.P. (17); CAPITAL ONE FINANCIAL CORPORATION (13)",Credit reporting (5321); Debt collection (20); Credit & prepaid cards (5),"Experian has failed to fulfill its legal obligation under the Fair Credit Reporting Act ( FCRA ) to conduct a reasonable reinvestigation of disputed information on my credit report, leaving inaccurate or unverifiable accounts unresolved. The Consumer Financial Protection Bureau ( CFPB ) has recently"
Y2024-492,2024,5257,513,2024-01-02,2024-12-30,"TRANSUNION INTERMEDIATE HOLDINGS, INC. (1894); Experian Information Solutions Inc. (1743); EQUIFAX, INC. (1620)",Credit reporting (5256); Money transfers & virtual currency (1),I am listing accounts below that have been reported inaccurately on my credit report. In compliance with the Fair Credit Reporting Act and as a gesture of respect to the Federal Trade Commission Committee on accuracy and completeness of credit information I am formally writing in today to dispute ne
Y2022-2,2022,5244,97,2022-01-07,2022-12-30,"EQUIFAX, INC. (2067); TRANSUNION INTERMEDIATE HOLDINGS, INC. (1918); Experian Information Solutions Inc. (1259)",Credit reporting (5244),Hi I am submitting this XXXX XXXX XXXX this isn't any influence and this is not a third party. XXXX has low and unfair credit number for me in their report. I have complained. The problem has not been resolved. my fico has me at a credit score over XXXX has me at a score around XXXX. That is a huge 
Y2025H1-92,2025H1,5087,629,2025-01-01,2025-06-29,"TRANSUNION INTERMEDIATE HOLDINGS, INC. (1714); EQUIFAX, INC. (1684); Experian Information Solutions Inc. (1641); CAPITAL ONE FINANCIAL CORPORATION (6); DISCOVER BANK (5)",Credit reporting (5037); Debt collection (49); Credit & prepaid cards (1),"ALL REPORTED DATA MUST BE COMPLETE, CORRECT, AND PROVEN IF CHALLENGED. I DO NOT GRANT YOUR AUTHORITY TO REPORT VERSUS ME WITHOUT ADEQUATE COMPLIANCE OF STATE AND FEDERAL LAWS BEING APPLICABLE THROUGHOUT. AS SUCH I DEMAND DELETION IMMEDIATELY OF YOUR DECLARED CLAIMS AGAINST ME. PER COMMON LAW, YOU AR"
Y2023-223,2023,4998,543,2023-01-03,2023-12-29,"EQUIFAX, INC. (1832); Experian Information Solutions Inc. (1765); TRANSUNION INTERMEDIATE HOLDINGS, INC. (1401)",Credit reporting (4998),I'm really not sure what happened. I have mailed off letters to the credit bureaus continuously and thus far I have not gotten a response. My name is XXXX XXXX and I am filing this complaint for falsely reporting misleading information. There is no third party involved. Please review the uploaded le
Y2025H2-12,2025H2,4761,1348,2025-07-01,2025-08-26,"Experian Information Solutions Inc. (1893); EQUIFAX, INC. (1709); TRANSUNION INTERMEDIATE HOLDINGS, INC. (1159)",Credit reporting (4761),"This CFPB complaint has been filed to request pursuant to FCRA 605B ( 15 U.S.C.

1681c-2 ) that you, the Equifax Information Services , block information appearing on my consumer credit report that is the result of identity theft and fraud within 4 business days of you receiving this complaint. The "
Y2025H1-3,2025H1,4687,1354,2025-06-05,2025-06-30,"Experian Information Solutions Inc. (1864); EQUIFAX, INC. (1663); TRANSUNION INTERMEDIATE HOLDINGS, INC. (1160)",Credit reporting (4687),"This CFPB complaint has been filed to request pursuant to FCRA 605B ( 15 U.S.C.

1681c-2 ) that you, the Experian credit reporting agency, block information appearing on my consumer credit report that is the result of identity theft and fraud within XXXX business days of you receiving this complaint"
Y2024-2053,2024,4492,747,2024-01-22,2024-12-30,"Experian Information Solutions Inc. (1526); TRANSUNION INTERMEDIATE HOLDINGS, INC. (1508); EQUIFAX, INC. (1458)",Credit reporting (4492),"I have already sent a letter addressing the inaccuracies and unknown items on my credit report, but unfortunately, I have not received any response even after 30 days. It feels like I'm being taken advantage of and my disputes are being ignored. According to Section 611 ( a ), if these items are not"
Y2025H1-226,2025H1,4331,557,2025-01-02,2025-06-30,"EQUIFAX, INC. (1568); TRANSUNION INTERMEDIATE HOLDINGS, INC. (1494); Experian Information Solutions Inc. (1269)",Credit reporting (4331),My accounts was never late! I have had exceptional payment history with XXXX  XXXX and all payments were placed on Autopay. This late payment that is reporting is a result on a systematic error on their end processing my payment. This was clearly a billing error made my the company and is not a refl
Y2025H2-35,2025H2,4306,1502,2025-08-18,2025-12-23,"Experian Information Solutions Inc. (1703); EQUIFAX, INC. (1442); TRANSUNION INTERMEDIATE HOLDINGS, INC. (1161)",Credit reporting (4306),"Dear Equifax I am writing to formally dispute the accuracy of certain information reported on my credit report under Section 605B of the Fair Credit Reporting Act. 
The specific information I am disputing is as follows : FRAUDULENT ACCOUNTS : XXXX XXXX XXXX XXXX XXXX XXXX XXXX XXXX XXXX XXXX XXXX XX"
Y2022-1,2022,4278,1244,2022-02-28,2022-12-31,"Experian Information Solutions Inc. (936); TRANSUNION INTERMEDIATE HOLDINGS, INC. (898); EQUIFAX, INC. (880); CAPITAL ONE FINANCIAL CORPORATION (271); Bread Financial Holdings, Inc. (64)",Credit reporting (4151); Debt collection (48); Credit & prepaid cards (44),"In accordance with the Fair Credit Reporting act XXXX XXXX Account # XXXX, has violated my rights.

15 U.S.C 1681 section 602 A. States I have the right to privacy.

15 U.S.C 1681 Section 604 A Section 2 : It also states a consumer reporting agency can not furnish a account without my written instru"
Y2025H2-8857,2025H2,4246,775,2025-07-01,2025-12-30,"TRANSUNION INTERMEDIATE HOLDINGS, INC. (1436); EQUIFAX, INC. (1412); Experian Information Solutions Inc. (1398)",Credit reporting (4245); Debt & credit management (1),My credit reports are inaccurate. These inaccuracies are causing creditors to deny me credit. You have the duty to report accurate information about consumers. Please investigate these accounts and inquires and update these accounts accordingly to avoid future litigation.
Y2023-22,2023,4216,751,2023-01-02,2023-12-30,"TRANSUNION INTERMEDIATE HOLDINGS, INC. (1510); EQUIFAX, INC. (1433); Experian Information Solutions Inc. (1260); LEXISNEXIS (8); CAPITAL ONE FINANCIAL CORPORATION (1)",Credit reporting (4216),"This is my NUMEROUS request that I have been a victim of identity theft and that no one seems to care, that I want to dispute specific records in my credit file that do not belong to me, or that I have signed any agreement. The items I'm challenging have nothing to do with any transactions I've done"
Y2023-5,2023,4191,852,2023-01-01,2023-12-31,"TRANSUNION INTERMEDIATE HOLDINGS, INC. (1405); Experian Information Solutions Inc. (1357); EQUIFAX, INC. (1313); Resurgent Capital Services L.P. (7); CAPITAL ONE FINANCIAL CORPORATION (6)",Credit reporting (4156); Debt collection (23); Credit & prepaid cards (6),"In accordance with the Fair Credit Reporting act XXXX Account # XXXX XXXX, has violated my rights. 

15 U.S.C 1681 section 602 A. States I have the right to privacy.

15 U.S.C 1681 Section 604 A Section 2 : It also states a consumer reporting agency can not furnish a account without my written instr"
Y2024-517,2024,4162,453,2024-01-25,2024-12-30,"TRANSUNION INTERMEDIATE HOLDINGS, INC. (1429); Experian Information Solutions Inc. (1392); EQUIFAX, INC. (1341)",Credit reporting (4162),"I lodged a complaint with these Bureaus a month ago, but unfortunately, the inaccurate information on my report still remains. I haven't received any communication from the Bureaus, except for the notification that you sent stating that the company has responded to my complaint. How can I be certain"
Y2024-7,2024,4126,739,2024-02-21,2024-12-31,"TRANSUNION INTERMEDIATE HOLDINGS, INC. (1531); EQUIFAX, INC. (1337); Experian Information Solutions Inc. (1183); CAPITAL ONE FINANCIAL CORPORATION (11); NAVY FEDERAL CREDIT UNION (4)",Credit reporting (4125); Credit & prepaid cards (1),"I hope you're doing well. I've run into a bit of a problem. While going through my credit report, I noticed some things that don't seem quite right, and it appears my identity have been stolen online. My nephew, who's studying XXXX XXXX, helped me out by finding a way to check if my XXXX emails were"
Y2025H2-1247,2025H2,4092,618,2025-07-01,2025-12-30,"EQUIFAX, INC. (1487); TRANSUNION INTERMEDIATE HOLDINGS, INC. (1473); Experian Information Solutions Inc. (1128); Early Warning Services, LLC (4)",Debt collection (3760); Credit reporting (332),"There are collection accounts on my report that I believe contain inaccurate information. Under my rights pursuant to 15 USC 1681e ( b ) and 15 USC 1681i, I am entitled to an accurate credit report. I request a review of these entries, and if they can not be verified as accurate, I ask that they be "
Y2025H1-15498,2025H1,4034,588,2025-01-02,2025-06-19,"TRANSUNION INTERMEDIATE HOLDINGS, INC. (1392); EQUIFAX, INC. (1356); Experian Information Solutions Inc. (1284); LEXISNEXIS (1); MIDWEST RECEIVABLE SOLUTIONS LLC (1)",Credit reporting (4034),"These can be combined On my credit report, you have shown incorrect accounts that should not be there at all. This is not only unjust to me, but it's also concerning, because I've never done or made any of the things you accuse me of. If you don't look into these accounts, I'll take legal action aga"
Y2024-6586,2024,4029,737,2024-01-02,2024-12-28,"Experian Information Solutions Inc. (1479); EQUIFAX, INC. (1298); TRANSUNION INTERMEDIATE HOLDINGS, INC. (1248); CCS Financial Services, Inc. (1); Resurgent Capital Services L.P. (1)",Credit reporting (4029),I filed a dispute for incorrect information on my credit report. I received an email from the credit bureau stating that they are assuming the disputes are coming from a 3rd party. They in fact did not come from a 3rd party. l even called them to verify it was me and they still refused to process my
Y2025H1-246,2025H1,4015,1749,2025-01-15,2025-06-27,"NAVY FEDERAL CREDIT UNION (4001); WELLS FARGO & COMPANY (7); Army and Air Force Exchange Service (3); BANK OF AMERICA, NATIONAL ASSOCIATION (2); Early Warning Services, LLC (1)",Bank accounts (4003); Credit & prepaid cards (9); Money transfers & virtual currency (2),"I am writing to file a complaint against Navy Federal Credit Union regarding multiple overdraft fees I have incurred. Despite having sufficient funds when transactions were authorized, I was charged fees due to lagged posting of charges and credits. This issue aligns with the recent CFPB findings ag"
Y2025H1-5748,2025H1,3998,279,2025-01-02,2025-06-30,"EQUIFAX, INC. (1493); TRANSUNION INTERMEDIATE HOLDINGS, INC. (1376); Experian Information Solutions Inc. (1129)",Credit reporting (3998),"I carefully review my credit report to ensure the accuracy of my accounts, and I have never been late on a payment. Its possible that there is an error in the reporting."
Y2024-12956,2024,3950,845,2024-01-09,2024-12-30,"TRANSUNION INTERMEDIATE HOLDINGS, INC. (1359); EQUIFAX, INC. (1331); Experian Information Solutions Inc. (1260)",Credit reporting (3950),"I AM SUBMITTING THIS WITHOUT ANY INFLUENCE AND THIS IS NOT A THIRD PARTY. THE CREDIT BUREAUS STATED MY ACC WAS PROPERLY INVESTIGATED BUT HOW IS THAT POSSIBLE IF THE OPEN DATE IS INACCURATE, THE DATE LAST ACTIVE IS INACCURATE, AND THE DATE LAST REPORTED IS NOT ACCURATE? THIS GROUND FOR REMOVAL, THEY "
Y2025H1-162,2025H1,3934,876,2025-01-02,2025-06-30,"EQUIFAX, INC. (1509); TRANSUNION INTERMEDIATE HOLDINGS, INC. (1316); Experian Information Solutions Inc. (1109)",Credit reporting (3934),""" The Fair Credit Reporting Act ( 15 U.S. Code 1681 ) says ( 1 ) The banking system is dependent upon fair and accurate credit reporting. Inaccurate credit reports directly impair the efficiency of the banking system, and unfair credit reporting methods undermine the public confidence which is essen"
Y2025H1-5068,2025H1,3844,560,2025-01-14,2025-06-27,"TRANSUNION INTERMEDIATE HOLDINGS, INC. (1345); Experian Information Solutions Inc. (1282); EQUIFAX, INC. (1215); Southwest Credit Systems, L.P. (1); Affirm Holdings, Inc (1)",Credit reporting (3844),"Finding unauthorized accounts, credit inquiries, and false personal information made or reported without my knowledge or agreement completely stunned and grieved me. I've tried to get clarification from the creditors, but they have blatantly refused to give it to me. I demand that the creditors act "
Y2024-46,2024,3650,428,2024-02-27,2024-12-30,"TRANSUNION INTERMEDIATE HOLDINGS, INC. (1286); Experian Information Solutions Inc. (1245); EQUIFAX, INC. (1119)",Credit reporting (3650),"In the quiet humdrum of everyday life, a sudden jolt shattered the tranquility : I had become a victim of identity theft. Like a thief in the night, unseen hands had stolen my personal information, plunging me into a bewildering maze of uncertainty. With each fraudulent transaction and unauthorized "
Y2025H1-29,2025H1,3515,583,2025-01-01,2025-06-30,"EQUIFAX, INC. (1405); Experian Information Solutions Inc. (1073); TRANSUNION INTERMEDIATE HOLDINGS, INC. (1005); CBC Companies, Inc. (30); Nelnet, Inc. (1)",Credit reporting (3512); Debt collection (3),"This CFPB complaint has been filed to request pursuant to FCRA 605B ( 15 U.S.C. 1681c-2 ) that you, the Transunion credit reporting agency , block information appearing on my consumer credit report that is the result of identity theft and fraud within 4 business days of you receiving this complaint."
Y2025H2-935,2025H2,3497,599,2025-07-01,2025-09-02,"EQUIFAX, INC. (1253); TRANSUNION INTERMEDIATE HOLDINGS, INC. (1208); Experian Information Solutions Inc. (1036)",Credit reporting (3497),"I have previously disputed Experian, Equifax and Transunion regarding multiple accounts that are inaccurate. As of today, I have not received any responses or proof that they are doing proper investigation with my dispute. They ignored my rights to obtain an accurate credit report. They are non-comp"
Y2025H1-5714,2025H1,3497,859,2025-01-01,2025-04-21,"EQUIFAX, INC. (1180); TRANSUNION INTERMEDIATE HOLDINGS, INC. (1169); Experian Information Solutions Inc. (1148)",Credit reporting (3497),"I AM SUBMITTING THIS WITHOUT ANY INFLUENCE AND THIS IS NOT A THIRD PARTY. THE CREDIT BUREAUS STATED MY ACC WAS PROPERLY INVESTIGATED BUT HOW IS THAT POSSIBLE IF THE OPEN DATE IS INACCURATE, THE DATE LAST ACTIVE IS INACCURATE, AND THE DATE LAST REPORTED IS NOT ACCURATE? THIS GROUND FOR REMOVAL, THEY "
Y2025H2-1,2025H2,3446,1135,2025-07-07,2025-09-18,"Experian Information Solutions Inc. (1448); EQUIFAX, INC. (1142); TRANSUNION INTERMEDIATE HOLDINGS, INC. (856)",Credit reporting (3446),"This is a follow-up to my previous written dispute regarding fraudulent accounts and inquiries appearing on my consumer report. Per FCRA 605B ( 15 U.S.C. 1681c-2 ), you are required to block all information resulting from identity theft within four business days of receipt. 
The following accounts a"
Y2024-16193,2024,3439,397,2024-05-16,2024-12-30,"Experian Information Solutions Inc. (1149); TRANSUNION INTERMEDIATE HOLDINGS, INC. (1141); EQUIFAX, INC. (1133); National Credit Adjusters, LLC (1); CAINE & WEINER COMPANY, INC. (1)",Credit reporting (3439),"These can be combined On my credit report, you have shown incorrect accounts that should not be there at all. This is not only unjust to me, but it's also concerning, because I've never done or made any of the things you accuse me of. If you don't look into these accounts, I'll take legal action aga"
Y2024-10,2024,3409,501,2024-01-12,2024-12-31,"TRANSUNION INTERMEDIATE HOLDINGS, INC. (1151); Experian Information Solutions Inc. (1146); EQUIFAX, INC. (1066); CAPITAL ONE FINANCIAL CORPORATION (4); Larry H. Miller Group of Companies (3)",Credit reporting (3409),"Under 15 USC 1681i ( a ) ( 1 ) ( A ) subject to subsection ( f ) and except as provided in subsection ( g ), If the completeness or accuracy of any item of information contained in a consumer 's file at a consumer reporting agency is disputed by the consumer and the consumer notifies the agency dire"
Y2025H1-57,2025H1,3402,418,2025-01-01,2025-06-11,"Experian Information Solutions Inc. (1177); TRANSUNION INTERMEDIATE HOLDINGS, INC. (1156); EQUIFAX, INC. (1069)",Credit reporting (3402),I am listing accounts below that have been reported inaccurately on my credit report. In compliance with the Fair Credit Reporting Act and as a gesture of respect to the Federal Trade Commission Committee on accuracy and completeness of credit information I am formally writing in today to dispute ne
Y2024-6207,2024,3361,357,2024-06-05,2024-12-31,"EQUIFAX, INC. (1157); Experian Information Solutions Inc. (1118); TRANSUNION INTERMEDIATE HOLDINGS, INC. (1086)",Credit reporting (2066); Debt collection (1295),Could you please take a moment to review and examine the attached documents? I believe your expertise will be invaluable in ensuring their accuracy and completeness. Your feedback and insights would be greatly appreciated. Thank you for your time and consideration in this matter.
Y2023-2980,2023,3242,438,2023-01-04,2023-12-29,"Experian Information Solutions Inc. (1170); EQUIFAX, INC. (1096); TRANSUNION INTERMEDIATE HOLDINGS, INC. (976)",Credit reporting (3242),This is XXXX XXXX please do not deny my complaint by stating that I filed this by some other means than myself. This is done 100 % by me. The stuff on my credit report is wrong and Under 15 U.S. Code 1681b Permissible purposes of consumer reports I never gave any written consent to report anything o
Y2025H1-47,2025H1,3205,343,2025-01-02,2025-06-18,"Experian Information Solutions Inc. (1717); EQUIFAX, INC. (1472); TRANSUNION INTERMEDIATE HOLDINGS, INC. (16)",Credit reporting (3205),I HAVE BEEN AFFECTED BY THE EQUIFAX DATA BREACH. PER 15 USC 1681 C-2 STATES EXCEPT AS OTHERWISE PROVIDED IN THIS SECTION A CONSUMER REPORTING AGENCY SHALL BLOCK THE REPORTING OF ANY INFORMATION IN THE FILE OF A CONSUMER THAT THE CONSUMER IDENTIFIES AS INFORMATION THAT RESULTED FROM AN ALLEGED IDENTI
Y2025H1-9171,2025H1,3152,807,2025-01-20,2025-06-30,"TRANSUNION INTERMEDIATE HOLDINGS, INC. (1085); EQUIFAX, INC. (1063); Experian Information Solutions Inc. (1004)",Credit reporting (3152),""" I was utterly shocked and devastated upon discovering unauthorized accounts, credit inquiries and inaccurate personal information made or reported without my knowledge or consent. Despite my efforts to seek clarification from the creditors, they have shamefully failed to provide the necessary info"
Y2025H1-6,2025H1,3097,1252,2025-01-17,2025-06-17,"EQUIFAX, INC. (1812); Experian Information Solutions Inc. (688); TRANSUNION INTERMEDIATE HOLDINGS, INC. (556); CAPITAL ONE FINANCIAL CORPORATION (6); T.S. Holdings (4)",Credit reporting (3080); Debt collection (11); Vehicle & consumer loans (3),"I am filing a complaint against Equifax for failing to properly investigate my disputes regarding inaccuracies in my credit report. 
Despite my submissions, Equifax consistently responds within XXXX hours stating the account is accurate, without providing any evidence of a thorough investigation. 
T"
Y2024-30477,2024,3064,300,2024-03-05,2024-10-16,"TRANSUNION INTERMEDIATE HOLDINGS, INC. (1049); Experian Information Solutions Inc. (1030); EQUIFAX, INC. (984); TOYOTA MOTOR CREDIT CORPORATION (1)",Credit reporting (3056); Debt collection (8),"I have consistently maintained on-time payments, so I find it perplexing to discover an error in my credit report. I am seeking precise and updated records that accurately reflect my timely payments for those accounts."
Y2025H2-846,2025H2,3059,271,2025-07-01,2025-12-29,"EQUIFAX, INC. (1027); TRANSUNION INTERMEDIATE HOLDINGS, INC. (1018); Experian Information Solutions Inc. (1014)",Credit reporting (3059),"ALL REPORTED DATA MUST BE COMPLETE, CORRECT, AND PROVEN IF CHALLENGED. I DO NOT GRANT YOUR AUTHORITY TO REPORT VERSUS ME WITHOUT ADEQUATE COMPLIANCE OF STATE AND FEDERAL LAWS BEING APPLICABLE THROUGHOUT. AS SUCH I DEMAND DELETION IMMEDIATELY OF YOUR DECLARED CLAIMS AGAINST ME. PER COMMON LAW, YOU AR"
Y2025H2-63,2025H2,3026,997,2025-07-01,2025-12-29,"EQUIFAX, INC. (793); Experian Information Solutions Inc. (783); TRANSUNION INTERMEDIATE HOLDINGS, INC. (734); CBC Companies, Inc. (699); BARCLAYS BANK DELAWARE (3)",Credit reporting (3020); Debt collection (6),"I am writing to have the following information removed from my credit file, the items that I need deleted are going to be attached in a word document. I am a victim of identity theft. I have multiple accounts and inquiries that I DID NOT apply for listed on my credit report. I ask that these items b"
Y2023-25,2023,3009,979,2023-01-02,2023-12-31,"TRANSUNION INTERMEDIATE HOLDINGS, INC. (556); Experian Information Solutions Inc. (551); EQUIFAX, INC. (527); CAPITAL ONE FINANCIAL CORPORATION (271); Bread Financial Holdings, Inc. (95)",Credit reporting (2868); Credit & prepaid cards (58); Vehicle & consumer loans (39),"In accordance with the Fair Credit Reporting act XXXX Account # XXXX has violated my rights. 

15 U.S.C 1681 section 602 A. States I have the right to privacy.

15 U.S.C 1681 Section 604 A Section 2 : It also states a consumer reporting agency can not furnish a account without my written instruction"
Y2025H1-3193,2025H1,2936,498,2025-01-02,2025-06-30,"EQUIFAX, INC. (1250); Experian Information Solutions Inc. (1055); TRANSUNION INTERMEDIATE HOLDINGS, INC. (631)",Credit reporting (2936),I have a goal of getting a house as soon as possible but the stuff on my credit report will really put me in trouble. Ive been trying to understand some instances why the credit bureaus may take some time to respond but this is so unprofessional. My name is XXXX XXXX and I am filing this complaint f
Y2026-12,2026,2920,1109,2026-01-01,2026-07-23,"CL Holdings LLC (594); ENCORE CAPITAL GROUP INC. (360); Portfolio Recovery Associates, LLC (264); CCS Financial Services, Inc. (247); CAINE & WEINER COMPANY, INC. (187)",Debt collection (2920),XXXX XXXX is falsely reporting on my credit. I have never had any accounts with them. Per my research XXXX XXXX is a debt collector. They are falsely reporting on my credit!! Account number is XXXX is falsely reporting to my credit file and is against my rights and fair credit act. Under U.S Code 16
Y2023-12902,2023,2870,488,2023-01-02,2023-10-12,"TRANSUNION INTERMEDIATE HOLDINGS, INC. (978); EQUIFAX, INC. (962); Experian Information Solutions Inc. (930)",Credit reporting (2870),I'm really not sure what happened. I have mailed off letters to the credit bureaus continuously and thus far I have not gotten a response.My name is XXXX XXXX and I am filing this complaint for falsely reporting misleading information.There is no third party involved.Please review the uploaded lette
Y2025H1-60,2025H1,2730,579,2025-01-01,2025-06-30,"EQUIFAX, INC. (1140); Experian Information Solutions Inc. (1081); TRANSUNION INTERMEDIATE HOLDINGS, INC. (500); CL Holdings LLC (2); Collection Management Holdings, LLC (1)",Credit reporting (2708); Debt collection (19); Credit & prepaid cards (3),"Consumer Name : XXXX XXXX, Consumer Social Security Number : XXXX, Consumer Date of Birth : XX/XX/XXXX, Contents of Complaint : This CFPB complaint has been filed to request pursuant to FCRA 605B ( 15 U.S.C. 1681c-2 ) that you, the XXXX credit reporting agency , block information appearing on my con"
Y2025H1-4672,2025H1,2664,594,2025-01-14,2025-06-30,"EQUIFAX, INC. (1016); TRANSUNION INTERMEDIATE HOLDINGS, INC. (886); Experian Information Solutions Inc. (759); CITIBANK, N.A. (1); JPMORGAN CHASE & CO. (1)",Debt collection (2439); Credit reporting (225),"I understand the importance of removing any incorrect information from my credit report according to FCRA 605B. Could you please review the attached documents? I've observed discrepancies in several accounts, which is quite concerning to me."
Y2025H1-5,2025H1,2654,461,2025-01-01,2025-06-30,"TRANSUNION INTERMEDIATE HOLDINGS, INC. (914); EQUIFAX, INC. (876); Experian Information Solutions Inc. (823); Self Financial Inc. (3); Sequium Asset Solutions, LLC (3)",Credit reporting (2644); Debt collection (7); Vehicle & consumer loans (1),"List of accounts below has violated my federally protected consumer rights to privacy and confidentiality under 15 USC 1681. 

I looked at my XXXX, XXXX XXXX TransUnion credit report on XX/XX/year> and noticed some things are incomplete and not accurate. And according to the fair credit reporting ac"
Y2025H1-1156,2025H1,2586,445,2025-01-02,2025-06-30,"EQUIFAX, INC. (1146); Experian Information Solutions Inc. (725); TRANSUNION INTERMEDIATE HOLDINGS, INC. (715)",Credit reporting (2586),I have a goal of getting a house as soon as possible but the stuff on my credit report will really put me in trouble. This is XXXX XXXX do not refute my complaint by stating that I filed this by some other means than myself. There is no third party involved. The stuff on my credit report is wrong an
Y2025H2-4968,2025H2,2551,401,2025-09-03,2025-12-24,"TRANSUNION INTERMEDIATE HOLDINGS, INC. (960); EQUIFAX, INC. (892); Experian Information Solutions Inc. (699)",Credit reporting (2551),"The reported late payments and charge-off accounts are inaccurate, incomplete, and unverifiable. The furnishers have failed to provide original, documented proof that these alleged delinquencies occurred. Without legally required validation, continued reporting of this negative information is a dire"
Y2024-551,2024,2515,696,2024-01-15,2024-12-27,"TRANSUNION INTERMEDIATE HOLDINGS, INC. (842); Experian Information Solutions Inc. (834); EQUIFAX, INC. (828); LEXISNEXIS (10); Merchants Adjustment Service, Inc. (1)",Credit reporting (2514); Debt collection (1),"I am XXXX XXXX, and Im submitting this complaint myself and there is no third party involved. I attached letters to let you know more in detail about what they are reporting in my credit report. They reported inaccurate information in my credit report with inconsistent and untimely dates reported ac"
Y2023-23,2023,2452,506,2023-01-02,2023-12-29,"EQUIFAX, INC. (867); TRANSUNION INTERMEDIATE HOLDINGS, INC. (829); Experian Information Solutions Inc. (749); Bliksum, LLC (1); Possible Financial Inc (1)",Credit reporting (2452),"When I reviewed my credit report, I discovered that some of the information was erroneous. The 3 credit bureaus must validate these accounts in line with Sections 609 ( a ) ( 1 ) ( A ) and 611 ( a ) ( 1 ) ( A ). It is not authorized to fail to validate this reporting account as unverified informatio"
Y2025H2-26,2025H2,2444,539,2025-07-01,2025-12-29,"EQUIFAX, INC. (1210); TRANSUNION INTERMEDIATE HOLDINGS, INC. (728); Experian Information Solutions Inc. (506)",Credit reporting (1910); Credit & prepaid cards (534),My accounts was never late! I have had exceptional payment history with XXXX XXXX and all payments were placed on Autopay. This late payment that is reporting is a result on a systematic error on their end processing my payment. This was clearly a billing error made my the company and is not a refle
Y2025H2-10,2025H2,2409,930,2025-07-01,2025-12-29,"EQUIFAX, INC. (1066); TRANSUNION INTERMEDIATE HOLDINGS, INC. (868); Experian Information Solutions Inc. (472); LEXISNEXIS (2); CBC Companies, Inc. (1)",Credit reporting (2409),"This letter is a formal notice of dispute under the Fair Credit Reporting Act ( FCRA ) regarding inaccurately reported late payment dates on the above-referenced account appearing in my credit file. 
The reported derogatory payment data is factually and legally incorrect and constitutes a violation "
Y2025H1-3007,2025H1,2313,476,2025-04-02,2025-06-27,"EQUIFAX, INC. (860); Experian Information Solutions Inc. (766); TRANSUNION INTERMEDIATE HOLDINGS, INC. (663); CITIBANK, N.A. (4); ALLY FINANCIAL INC. (2)",Debt collection (2086); Credit reporting (227),"There are collection accounts on my report that I believe contain inaccurate information. Under my rights pursuant to 15 USC 1681e ( b ) and 15 USC 1681i, I am entitled to an accurate credit report. I request a review of these entries, and if they can not be verified as accurate, I ask that they be "
Y2025H1-237,2025H1,2277,166,2025-01-03,2025-06-27,"TRANSUNION INTERMEDIATE HOLDINGS, INC. (905); EQUIFAX, INC. (730); Experian Information Solutions Inc. (641); Rowland Avenue Management, Inc. A/KA Columbia Debt Recovery, LLC d/b/a Genesis (1)",Credit reporting (2277),"In the quiet humdrum of everyday life, a sudden jolt shattered the tranquility : I had become a victim of identity theft. Like a thief in the night, unseen hands had stolen my personal information, plunging me into a bewildering maze of uncertainty. With each fraudulent transaction and unauthorized "
Y2024-15960,2024,2272,257,2024-04-19,2024-09-11,"TRANSUNION INTERMEDIATE HOLDINGS, INC. (794); EQUIFAX, INC. (752); Experian Information Solutions Inc. (726)",Debt collection (2260); Credit reporting (6); Credit & prepaid cards (6),"I recognize the significance of eliminating any erroneous entries from my credit report, as required by FCRA 605B. Would you mind examining the documents? I've identified several accounts that appear to be inaccurate, and this is troubling to me."
Y2024-4,2024,2218,650,2024-05-02,2024-12-31,"Experian Information Solutions Inc. (779); TRANSUNION INTERMEDIATE HOLDINGS, INC. (725); EQUIFAX, INC. (675); ENCORE CAPITAL GROUP INC. (5); CL Holdings LLC (3)",Credit reporting (2204); Debt collection (13); Payday & personal loans (1),I looked at my XXXX credit report on XX/XX/year> and noticed some things are incomplete and not accurate. And according to the fair credit reporting act Whenever a consumer reporting agency prepares a consumer report it shall follow reasonable procedures to assure maximum possible accuracy of the in
Y2024-306,2024,2216,321,2024-06-17,2024-12-31,"TRANSUNION INTERMEDIATE HOLDINGS, INC. (783); Experian Information Solutions Inc. (713); EQUIFAX, INC. (668); LEXISNEXIS (27); CBC Companies, Inc. (25)",Debt collection (2126); Credit reporting (90),"I want to stress that I did not give written permission for these specific transactions to be included in my consumer report. At no point did I authorize these entries, and their presence on my report is unwarranted. Consequently, I am formally requesting that these accounts be blocked and removed f"
Y2025H2-482,2025H2,2101,459,2025-07-03,2025-12-29,"EQUIFAX, INC. (705); Experian Information Solutions Inc. (685); TRANSUNION INTERMEDIATE HOLDINGS, INC. (675); Fidelity National Information Services, Inc. (FNIS) (3); AMERICAN EXPRESS COMPANY (3)",Credit reporting (2069); Debt collection (32),"I AM DEMANDING IMMEDIATE DELETION. EVERY PIECE OF DATA REPORTED AGAINST ME MUST BE 100 % COMPLETE, ACCURATE, AND LEGALLY VERIFIED NOT ASSUMED, NOT ESTIMATED, AND CERTAINLY NOT RETAINED WITHOUT DIRECT, PROVABLE EVIDENCE. YOU DO NOT HAVE MY CONSENT TO REPORT ANY DATA IN VIOLATION OF FEDERAL OR STATE L"
Y2025H2-83,2025H2,2085,398,2025-07-05,2025-12-24,"Experian Information Solutions Inc. (718); TRANSUNION INTERMEDIATE HOLDINGS, INC. (702); EQUIFAX, INC. (665)",Credit reporting (2085),"Hello, I am writing to delete the following information on my credit report. The following items are listed in the report. I am a victim of identity theft. The charges made on the account were not mine. The items need to be deleted as they are inaccurate items on my credit report. The theft of my id"
Y2023-1806,2023,2058,323,2023-01-02,2023-10-12,"TRANSUNION INTERMEDIATE HOLDINGS, INC. (735); EQUIFAX, INC. (666); Experian Information Solutions Inc. (657)",Credit reporting (2058),My name is XXXX XXXX XXXX this complaint is not made in error neither is it being made by a third party.I declare under penalty of perjury I am alleging that a person or company- without my authorization- from unauthorized use of my social security number and card used my personal identifying inform
Y2025H2-237,2025H2,2051,515,2025-07-01,2025-12-27,"EQUIFAX, INC. (1000); TRANSUNION INTERMEDIATE HOLDINGS, INC. (850); Experian Information Solutions Inc. (201)",Credit reporting (2051),"I affirm that the inclusion of incorrectly reported late payment remarks on my accounts is a breach of the 15 USC 1666. Every payment linked to these accounts has been promptly made, and any departure from this precise reporting is unjust and unlawful."
Y2023-7,2023,2039,47,2023-01-06,2023-04-11,"EQUIFAX, INC. (940); TRANSUNION INTERMEDIATE HOLDINGS, INC. (888); Experian Information Solutions Inc. (211)",Credit reporting (2039),Hi I am submitting this XXXX XXXX this isn't any influence and this is not a third party. TransUnion has low and unfair credit number for me in their report. I have complained more than 88 times nonstop this is exhausting im depressed they are not putting these fraudulent inquiries in dispute and ac
Y2025H2-285,2025H2,1991,302,2025-07-01,2025-12-30,"TRANSUNION INTERMEDIATE HOLDINGS, INC. (703); EQUIFAX, INC. (676); Experian Information Solutions Inc. (612)",Credit reporting (1991),"I previously submitted a letter addressing the inaccuracies and unfamiliar items on my credit report. However, it has now been over 30 days, and I have not received a response. It appears my disputes are being disregarded, which raises serious concerns. Under Section 611 ( a ) of the Fair Credit Rep"
Y2022-4554,2022,1989,361,2022-02-07,2022-12-29,"EQUIFAX, INC. (861); Experian Information Solutions Inc. (794); TRANSUNION INTERMEDIATE HOLDINGS, INC. (334)",Credit reporting (1989),"I am very concerned about the items that are being shown on my credit report. Not only are they inaccurate, they are also unjust, because they should not be reporting on my credit report! I ask that you delete these accounts, or I will be filing a legal complaint against you!"
Y2022-3580,2022,1981,379,2022-03-08,2022-12-23,"TRANSUNION INTERMEDIATE HOLDINGS, INC. (668); EQUIFAX, INC. (662); Experian Information Solutions Inc. (651)",Credit reporting (1981),I'm really not sure what happened. I have mailed off letters to the credit bureaus continuously and thus far I have not gotten a response. My name is XXXX XXXX and I am filing this complaint for falsely reporting misleading information. There is no third party involved. PLease review the uploaded le
Y2023-910,2023,1972,459,2023-01-02,2023-12-31,"Experian Information Solutions Inc. (675); TRANSUNION INTERMEDIATE HOLDINGS, INC. (657); EQUIFAX, INC. (640)",Credit reporting (1972),"HI I AM SUBMITTING THIS WITHOUT ANY INFLUENCE AND THIS IS NOT A THIRD PARTY. THE CREDIT BUREAUS STATED MY ACC WAS PROPERLY INVESTIGATED BUT HOW IS THAT POSSIBLE IF THE OPEN DATE IS INACCURATE, THE DATE LAST ACTIVE IS INACCURATE, AND THE DATE LAST REPORTED IS NOT ACCURATE? THIS GROUND FOR REMOVAL, TH"
Y2025H2-514,2025H2,1904,419,2025-07-01,2025-12-30,"EQUIFAX, INC. (663); TRANSUNION INTERMEDIATE HOLDINGS, INC. (632); Experian Information Solutions Inc. (609)",Credit reporting (1904),"I discovered incorrect accounts on my credit report, and I have no idea how they got there. I regularly check my report, but this time, unexpected discrepancies appeared. I even tried refreshing my browser, thinking it might be a glitch, but the errors remained. Since this issue persists, I request "
Y2024-2565,2024,1881,418,2024-05-06,2024-12-30,"TRANSUNION INTERMEDIATE HOLDINGS, INC. (644); Experian Information Solutions Inc. (640); EQUIFAX, INC. (597)",Credit reporting (1881),""" The Fair Credit Reporting Act ( 15 U.S. Code 1681 ) says ( 1 ) The banking system is dependent upon fair and accurate credit reporting. Inaccurate credit reports directly impair the efficiency of the banking system, and unfair credit reporting methods undermine the public confidence, which is esse"
Y2024-1547,2024,1864,401,2024-01-18,2024-12-31,"Experian Information Solutions Inc. (756); EQUIFAX, INC. (662); TRANSUNION INTERMEDIATE HOLDINGS, INC. (446)",Credit reporting (1864),I have a goal of getting a house as soon as possible but the stuff on my credit report will really put me in trouble. This is XXXX XXXX please do not refute my complaint by stating that I filed this by some other means than myself. There is no third party involved. The stuff on my credit report is w
Y2025H1-2,2025H1,1860,279,2025-01-02,2025-06-23,"EQUIFAX, INC. (855); TRANSUNION INTERMEDIATE HOLDINGS, INC. (683); Experian Information Solutions Inc. (322)",Credit reporting (1854); Debt collection (6),I am writing to dispute fraudulent information on my credit report pursuant to 15 U.S.C 1681c-2 and to request that this information be blocked. I have enclosed a copy my Police Report/FTC identity theft report ( FTC REPORT NUMBER : XXXX ) to support my identity theft claim. Under 15 U.S.C. 1681c-2 
Y2025H1-4736,2025H1,1860,362,2025-01-02,2025-06-28,"EQUIFAX, INC. (736); Experian Information Solutions Inc. (665); TRANSUNION INTERMEDIATE HOLDINGS, INC. (459)",Credit reporting (1860),I have a goal of getting a house as soon as possible but the stuff on my credit report will really put me in trouble. My name and all other information doesnt seem to look exactly the same on my ID and other documents. I have attached the letters and ID Docs for you to be able to update my personal 
Y2023-863,2023,1855,435,2023-01-17,2023-08-15,"TRANSUNION INTERMEDIATE HOLDINGS, INC. (927); EQUIFAX, INC. (924); Experian Information Solutions Inc. (4)",Credit reporting (1855),"On ( XX/XX/2022 ) I sent a letter regarding inaccurate Late payments, inaccurate negative accounts, bankruptcies and unknown things on my credit report. To this day over 60 days later I have not received a response yet. feel like i'm being taken advantage of and being ignored of my disputes. Section"
Y2024-1935,2024,1841,460,2024-02-13,2024-12-31,"Experian Information Solutions Inc. (642); TRANSUNION INTERMEDIATE HOLDINGS, INC. (560); EQUIFAX, INC. (545); CAPITAL ONE FINANCIAL CORPORATION (9); Resurgent Capital Services L.P. (5)",Credit reporting (1840); Credit & prepaid cards (1),"The Fair Credit Reporting Act ( 15 U.S. Code 1681 ) says ( 1 ) The banking system is dependent upon fair and accurate credit reporting. Inaccurate credit reports directly impair the efficiency of the banking system, and unfair credit reporting methods undermine the public confidence which is essenti"
Y2025H2-51,2025H2,1780,680,2025-07-01,2025-12-30,"ENCORE CAPITAL GROUP INC. (275); CL Holdings LLC (249); CCS Financial Services, Inc. (160); Kriya Capital, LLC (130); Spring Oaks Capital, LLC (105)",Debt collection (1775); Credit reporting (5),XXXX XXXX is falsely reporting on my credit. I have never had any accounts with them. Per my research XXXX XXXX is a debt collector. They are falsely reporting on my credit!! Account number is XXXXXXXX XXXX XXXX XXXX XXXX is falsely reporting to my credit file and is against my rights and fair credi
Y2024-252,2024,1773,184,2024-01-01,2024-12-26,"EQUIFAX, INC. (616); TRANSUNION INTERMEDIATE HOLDINGS, INC. (600); Experian Information Solutions Inc. (553); Diversified Adjustment Service, Inc. (1); V and H Portfolio (1)",Credit reporting (1769); Debt collection (4),"I am writing to delete the following information in my file. The items I need deleted are listed in the report.I am a victim of identity theft and did not make the charge. I ask that the items be deleted to correct my credit report. 
I reported the theft of my identity to the Federal Trade Commissio"
Y2024-665,2024,1748,441,2024-08-27,2024-12-31,"EQUIFAX, INC. (611); Experian Information Solutions Inc. (607); TRANSUNION INTERMEDIATE HOLDINGS, INC. (529); Unifin Inc. (1)",Credit reporting (1747); Debt collection (1),"I am writing to have the following information removed from my credit file, the items that I need deleted are going to be attached in a word document. I am a victim of identity theft. I have multiple accounts and inquiries that I DID NOT apply for listed on my credit report. I ask that these items b"
