company,total_complaints,first_year,last_year,dominant_product_family,dominant_pct,business_type,basis
"TRANSUNION INTERMEDIATE HOLDINGS, INC.",5024305,2012,2026,Credit reporting,98.42,Nationwide credit bureau,known
"EQUIFAX, INC.",4817275,2012,2026,Credit reporting,98.36,Nationwide credit bureau,known
Experian Information Solutions Inc.,4405081,2012,2026,Credit reporting,98.35,Nationwide credit bureau,known
"BANK OF AMERICA, NATIONAL ASSOCIATION",187799,2011,2026,Bank accounts,32.12,Bank or bank holding company,known
JPMORGAN CHASE & CO.,176918,2011,2026,Bank accounts,32.76,Bank or bank holding company,known
WELLS FARGO & COMPANY,175763,2011,2026,Bank accounts,35.36,Bank or bank holding company,known
CAPITAL ONE FINANCIAL CORPORATION,173482,2011,2026,Credit & prepaid cards,40.05,Bank or bank holding company,known
"CITIBANK, N.A.",142720,2011,2026,Credit & prepaid cards,47.97,Bank or bank holding company,known
SYNCHRONY FINANCIAL,84379,2011,2026,Credit & prepaid cards,53.71,Bank or bank holding company,known
Resurgent Capital Services L.P.,72837,2012,2026,Debt collection,72.93,Debt collector or debt buyer,profile
"Block, Inc.",71601,2019,2026,Money transfers & virtual currency,79.72,"Payments, money transfer or fintech app",known
LEXISNEXIS,68802,2012,2026,Credit reporting,99.47,Specialty consumer reporting company,known
ENCORE CAPITAL GROUP INC.,68237,2013,2026,Debt collection,80.46,Debt collector or debt buyer,profile
"Portfolio Recovery Associates, LLC",66757,2013,2026,Debt collection,79.46,Debt collector or debt buyer,profile
AMERICAN EXPRESS COMPANY,60532,2011,2026,Credit & prepaid cards,66.3,Bank or bank holding company,known
"CBC Companies, Inc.",58936,2020,2026,Credit reporting,99.75,Specialty consumer reporting company,profile
CL Holdings LLC,54998,2013,2026,Debt collection,79.73,Debt collector or debt buyer,profile
U.S. BANCORP,50116,2011,2026,Bank accounts,31.11,Bank or bank holding company,known
NAVY FEDERAL CREDIT UNION,49744,2011,2026,Bank accounts,43.68,Credit union,known
"Bread Financial Holdings, Inc.",49313,2016,2026,Credit & prepaid cards,42.86,Bank or bank holding company,known
DISCOVER BANK,44503,2011,2026,Credit & prepaid cards,43.71,Bank or bank holding company,known
"Navient Solutions, LLC.",43753,2012,2026,Student loans,81.75,Student loan servicer,known
"Paypal Holdings, Inc",42692,2013,2026,Money transfers & virtual currency,73.34,"Payments, money transfer or fintech app",known
Ocwen Financial Corporation,38059,2011,2026,Mortgage,93.69,Mortgage servicer or lender,known
TD BANK US HOLDING COMPANY,37777,2011,2026,Bank accounts,32.38,Bank or bank holding company,known
"Early Warning Services, LLC",37068,2013,2026,Money transfers & virtual currency,60.69,"Payments, money transfer or fintech app",known
PNC Bank N.A.,32668,2011,2026,Bank accounts,46.92,Bank or bank holding company,known
ALLY FINANCIAL INC.,30556,2012,2026,Credit reporting,35.99,Bank or bank holding company,known
MOHELA,29754,2012,2026,Student loans,81.18,Student loan servicer,known
BARCLAYS BANK DELAWARE,28927,2011,2026,Credit & prepaid cards,61.38,Bank or bank holding company,known
"CCS Financial Services, Inc.",28907,2013,2026,Debt collection,79.64,Debt collector or debt buyer,profile
Chime Financial Inc,28719,2020,2026,Bank accounts,68.71,"Payments, money transfer or fintech app",known
"Nelnet, Inc.",27984,2012,2026,Student loans,58.49,Student loan servicer,known
"I.C. System, Inc.",25296,2013,2026,Debt collection,80.15,Debt collector or debt buyer,profile
TRUIST FINANCIAL CORPORATION,24992,2019,2026,Bank accounts,40.47,Bank or bank holding company,known
TRANSWORLD SYSTEMS INC,21878,2014,2026,Debt collection,78.43,Debt collector or debt buyer,profile
"National Credit Systems,Inc.",21729,2013,2026,Debt collection,77.82,Debt collector or debt buyer,profile
GOLDMAN SACHS BANK USA,21375,2013,2026,Credit & prepaid cards,46.7,Bank or bank holding company,known
"Fidelity National Information Services, Inc. (FNIS)",20768,2012,2026,Credit reporting,86.47,Specialty consumer reporting company,profile
UNITED SERVICES AUTOMOBILE ASSOCIATION,19850,2011,2026,Bank accounts,44.42,Bank or bank holding company,known
"Shellpoint Partners, LLC",19794,2011,2026,Mortgage,86.39,Mortgage servicer or lender,known
NATIONSTAR MORTGAGE LLC,19296,2011,2018,Mortgage,96.37,Mortgage servicer or lender,known
"Kriya Capital, LLC",19110,2014,2026,Debt collection,81.86,Debt collector or debt buyer,profile
"CITIZENS FINANCIAL GROUP, INC.",18258,2011,2026,Bank accounts,48.03,Bank or bank holding company,known
"SANTANDER HOLDINGS USA, INC.",17835,2018,2026,Credit reporting,41.83,Bank or bank holding company,known
"Affirm Holdings, Inc",17694,2021,2026,Credit reporting,42.03,"Consumer, installment or payday lender",known
AES/PHEAA,16560,2012,2026,Student loans,78.71,Student loan servicer,known
"SELECT PORTFOLIO SERVICING, INC.",16526,2011,2026,Mortgage,91.43,Mortgage servicer or lender,known
FIFTH THIRD FINANCIAL CORPORATION,15592,2011,2026,Bank accounts,38.76,Bank or bank holding company,known
Mr. Cooper Group Inc.,15430,2017,2026,Mortgage,86.33,Mortgage servicer or lender,known
Ditech Financial LLC,14947,2011,2020,Mortgage,91.14,Mortgage servicer or lender,known
"CAINE & WEINER COMPANY, INC.",14899,2013,2026,Debt collection,77.93,Debt collector or debt buyer,profile
CREDIT ACCEPTANCE CORPORATION,14480,2012,2026,Credit reporting,40.88,Auto lender,known
"Westlake Services, LLC",14199,2013,2026,Vehicle & consumer loans,42.06,Auto lender,known
Self Financial Inc.,12853,2020,2026,Credit reporting,62.73,Credit-building or credit-score fintech,known
"Maximus Federal Services, Inc.",12786,2021,2026,Student loans,60.94,Student loan servicer,known
OneMain Finance Corporation,12585,2020,2026,Credit reporting,48.8,"Consumer, installment or payday lender",known
HSBC NORTH AMERICA HOLDINGS INC.,12476,2011,2026,Mortgage,38.79,Bank or bank holding company,known
Santander Consumer USA Holdings Inc.,12455,2012,2022,Vehicle & consumer loans,54.46,Auto lender,known
ERC,12420,2013,2024,Debt collection,85.05,Debt collector or debt buyer,profile
"National Credit Adjusters, LLC",11350,2013,2026,Debt collection,74.71,Debt collector or debt buyer,profile
"Spring Oaks Capital, LLC",11118,2020,2026,Debt collection,75.82,Debt collector or debt buyer,profile
Freedom Mortgage Company,10343,2012,2026,Mortgage,87.73,Mortgage servicer or lender,known
M&T BANK CORPORATION,10336,2011,2026,Mortgage,41.55,Bank or bank holding company,known
REGIONS FINANCIAL CORPORATION,10226,2011,2026,Bank accounts,58.61,Bank or bank holding company,known
"General Motors Financial Company, Inc.",9749,2012,2026,Credit reporting,48.56,Auto lender,known
CORELOGIC INC,9735,2012,2026,Credit reporting,96.96,Specialty consumer reporting company,profile
"Coinbase, Inc.",9719,2014,2026,Money transfers & virtual currency,94.65,"Payments, money transfer or fintech app",known
EdFinancial Services,9711,2012,2026,Student loans,64.62,Student loan servicer,known
"Exeter Finance, LLC.",9656,2013,2026,Credit reporting,50.82,Auto lender,known
"SUNTRUST BANKS, INC.",9634,2011,2020,Bank accounts,45.35,Bank or bank holding company,known
TOYOTA MOTOR CREDIT CORPORATION,9405,2012,2026,Vehicle & consumer loans,47.1,Auto lender,known
"Rocket Mortgage, LLC",9315,2011,2026,Mortgage,85.43,Mortgage servicer or lender,known
"CLGF Holdco 1, LLC",9236,2021,2026,Credit reporting,43.25,Card issuer or card program manager (non-bank),profile
"HW Holding, Inc",9185,2013,2026,Debt collection,83.2,Debt collector or debt buyer,profile
"Convergent Resources, Inc.",9117,2012,2026,Debt collection,84.35,Debt collector or debt buyer,profile
"HUNTINGTON NATIONAL BANK, THE",9027,2012,2026,Bank accounts,58.64,Bank or bank holding company,known
Radius Global Solutions LLC,8969,2013,2026,Debt collection,82.82,Debt collector or debt buyer,profile
Specialized Loan Servicing Holdings LLC,8770,2012,2024,Mortgage,89.92,Mortgage servicer or lender,known
Comerica,8603,2011,2026,Credit & prepaid cards,63.65,Bank or bank holding company,known
"ID Analytics, Inc.",8563,2013,2026,Credit reporting,99.29,Specialty consumer reporting company,profile
"LoanCare, LLC",8394,2012,2026,Mortgage,86.24,Mortgage servicer or lender,known
"Rowland Avenue Management, Inc. A/KA Columbia Debt Recovery, LLC d/b/a Genesis",8313,2019,2026,Debt collection,81.6,Debt collector or debt buyer,profile
KEYCORP,8305,2011,2026,Bank accounts,53.44,Bank or bank holding company,known
HYUNDAI CAPITAL AMERICA,8291,2012,2026,Vehicle & consumer loans,54.73,Auto lender,known
"Southwest Credit Systems, L.P.",8233,2013,2026,Debt collection,80.19,Debt collector or debt buyer,profile
Bridgecrest Acceptance Corporation,7715,2016,2026,Vehicle & consumer loans,41.44,Auto lender,known
Servicer under contract with Federal Student Aid,7524,2024,2026,Student loans,38.45,Placeholder label (not a single company),known
"CARRINGTON MORTGAGE SERVICES, LLC",7354,2012,2026,Mortgage,87.12,Mortgage servicer or lender,known
T.S. Holdings,7309,2020,2026,Debt collection,81.84,Debt collector or debt buyer,profile
"SOFI TECHNOLOGIES, INC.",7288,2024,2026,Bank accounts,67.06,"Payments, money transfer or fintech app",known
BMO BANK NATIONAL ASSOCIATION,7178,2011,2026,Bank accounts,54.36,Bank or bank holding company,known
"SUNRISE CREDIT SERVICES, INC",7168,2013,2026,Debt collection,81.93,Debt collector or debt buyer,profile
Kikoff Inc.,7133,2020,2026,Credit reporting,60.69,Credit-building or credit-score fintech,known
NCB Management Services Inc.,7012,2013,2026,Debt collection,71.49,Debt collector or debt buyer,profile
"FAIR COLLECTIONS & OUTSOURCING, INC.",6539,2013,2026,Debt collection,78.74,Debt collector or debt buyer,profile
"PENNYMAC LOAN SERVICES, LLC.",6503,2012,2026,Mortgage,81.65,Mortgage servicer or lender,known
PENTAGON FEDERAL CREDIT UNION,6491,2011,2026,Credit reporting,25.9,Credit union,known
"CAVALRY INVESTMENTS, LLC",6404,2013,2026,Debt collection,77.48,Debt collector or debt buyer,profile
"ProCollect, Inc.",6339,2013,2026,Debt collection,81.27,Debt collector or debt buyer,profile
"Aldous & Associates, PLLC",6156,2013,2026,Debt collection,83.82,Debt collector or debt buyer,profile
SLM CORPORATION,6102,2012,2026,Student loans,68.6,Student loan servicer,known
"ENOVA INTERNATIONAL, INC.",5988,2013,2026,Payday & personal loans,42.3,"Consumer, installment or payday lender",known
TrueAccord Corp.,5849,2014,2026,Debt collection,84.65,Debt collector or debt buyer,profile
Netspend Corporation,5837,2013,2026,Credit & prepaid cards,68.56,"Payments, money transfer or fintech app",known
Atlanticus Services Corporation,5590,2014,2026,Credit & prepaid cards,50.47,Card issuer or card program manager (non-bank),known
"Harris & Harris, Ltd.",5559,2013,2026,Debt collection,86.38,Debt collector or debt buyer,profile
BB&T CORPORATION,5522,2011,2020,Bank accounts,49.17,Bank or bank holding company,known
NISSAN MOTOR ACCEPTANCE COMPANY LLC,5472,2012,2026,Vehicle & consumer loans,47.88,Auto lender,known
Global Lending Services LLC,5185,2015,2026,Credit reporting,59.11,Auto lender,profile
BBVA FINANCIAL CORPORATION,5180,2012,2021,Bank accounts,63.32,Bank or bank holding company,known
"Credit Karma, LLC",5142,2015,2026,Credit reporting,51.69,Credit-building or credit-score fintech,known
"Amsher Collection Services, Inc.",5127,2013,2026,Debt collection,80.14,Debt collector or debt buyer,profile
AMERICAN HONDA FINANCE CORP,5077,2012,2026,Vehicle & consumer loans,53.67,Auto lender,known
AFNI INC.,5032,2013,2026,Debt collection,87.12,Debt collector or debt buyer,profile
"Sequium Asset Solutions, LLC",5024,2017,2026,Debt collection,82.7,Debt collector or debt buyer,profile
"WESTERN UNION COMPANY, THE",4971,2013,2026,Money transfers & virtual currency,93.0,"Payments, money transfer or fintech app",known
ROBINHOOD MARKETS INC.,4941,2018,2026,Money transfers & virtual currency,49.06,"Payments, money transfer or fintech app",known
"Diversified Consultants, Inc.",4937,2013,2020,Debt collection,91.11,Debt collector or debt buyer,profile
"UPGRADE, INC.",4936,2017,2026,Credit reporting,36.93,"Consumer, installment or payday lender",known
"The CBE Group, Inc.",4813,2013,2026,Debt collection,85.14,Debt collector or debt buyer,profile
"Caliber Home Loans, Inc.",4742,2011,2024,Mortgage,91.04,Mortgage servicer or lender,known
World Acceptance Corporation,4638,2013,2026,Debt collection,42.76,"Consumer, installment or payday lender",known
Synovus Bank,4632,2011,2026,Credit reporting,39.62,Bank or bank holding company,known
"Ability Recovery Services, LLC",4511,2013,2026,Debt collection,80.76,Debt collector or debt buyer,profile
"Seterus, Inc.",4486,2012,2021,Mortgage,95.23,Mortgage servicer or lender,known
"NRA Group, LLC",4306,2013,2026,Debt collection,82.86,Debt collector or debt buyer,profile
"SANTANDER BANK, NATIONAL ASSOCIATION",4274,2011,2022,Bank accounts,57.91,Bank or bank holding company,known
FIRST NATIONAL BANK OF OMAHA,4254,2011,2026,Credit & prepaid cards,55.01,Bank or bank holding company,known
"Flagstar Bank, N.A.",4208,2011,2022,Mortgage,89.28,Bank or bank holding company,known
Source Receivables Management LLC,4172,2013,2026,Debt collection,80.25,Debt collector or debt buyer,profile
"Credit Control, LLC",4170,2020,2026,Debt collection,83.07,Debt collector or debt buyer,profile
"Security Credit Services, LLC",4163,2013,2026,Debt collection,75.62,Debt collector or debt buyer,profile
"Commonwealth Financial Systems, Inc.",4135,2013,2024,Debt collection,86.29,Debt collector or debt buyer,profile
"American Credit Acceptance, LLC",4081,2013,2026,Vehicle & consumer loans,43.32,Auto lender,known
HCFS Healthcare Financial Services of TeamHealth,4075,2013,2026,Debt collection,81.79,Debt collector or debt buyer,profile
"Fay Servicing, LLC",4029,2012,2026,Mortgage,91.46,Mortgage servicer or lender,known
"Community Loan Servicing, LLC (formerly known as Bayview Loan Servicing, LLC)",4029,2012,2026,Mortgage,90.22,Mortgage servicer or lender,known
MoneyLion Inc.,4027,2016,2026,Credit reporting,34.29,"Payments, money transfer or fintech app",known
"ONLINE Information Services, Inc.",4014,2013,2026,Debt collection,80.32,Debt collector or debt buyer,profile
"CarMax, Inc.",4014,2013,2026,Credit reporting,52.04,Auto lender,known
"ACIMA CREDIT, LLC",3913,2017,2026,Debt collection,39.53,"Consumer, installment or payday lender",known
"Consumer Portfolio Services, Inc.",3903,2012,2026,Credit reporting,53.68,Auto lender,known
V and H Portfolio,3901,2016,2026,Debt collection,75.65,Debt collector or debt buyer,profile
"Capio Partners, LLC",3846,2013,2026,Debt collection,83.59,Debt collector or debt buyer,profile
"W&A Intermediate Co., LLC",3805,2022,2026,Debt collection,79.37,Debt collector or debt buyer,profile
RUSHMORE LOAN MANAGEMENT SERVICES LLC,3802,2012,2023,Mortgage,89.77,Mortgage servicer or lender,known
FORD MOTOR CREDIT CO.,3739,2012,2026,Credit reporting,42.12,Auto lender,known
"Eastern Account Systems of Connecticut, Inc.",3733,2013,2026,Debt collection,78.06,Debt collector or debt buyer,profile
FC HoldCo LLC,3612,2014,2026,Credit reporting,55.62,Unclassified,profile
"Continental Finance Company, LLC",3584,2014,2026,Credit & prepaid cards,44.34,Card issuer or card program manager (non-bank),known
"Upstart Holdings, Inc.",3581,2015,2026,Credit reporting,44.07,"Consumer, installment or payday lender",known
FISERV FINXACT CORE,3547,2020,2026,Credit & prepaid cards,36.45,"Payments, money transfer or fintech app",profile
CURO Intermediate Holdings,3538,2013,2026,Debt collection,47.96,"Consumer, installment or payday lender",known
"Aargon Agency, Inc.",3515,2013,2026,Debt collection,80.31,Debt collector or debt buyer,profile
Incomm Holdings Inc.,3508,2015,2026,Credit & prepaid cards,98.32,"Payments, money transfer or fintech app",known
LCI Acquisition Inc.,3484,2022,2026,Credit reporting,99.51,Specialty consumer reporting company,profile
Central Portfolio Control Inc.,3365,2013,2026,Debt collection,82.08,Debt collector or debt buyer,profile
Mercedes Benz Financial Services,3359,2012,2026,Credit reporting,46.77,Auto lender,known
MONEYGRAM PAYMENT SYSTEMS WORLDWIDE INC,3358,2013,2026,Money transfers & virtual currency,97.29,"Payments, money transfer or fintech app",known
"BMW Financial Services NA, LLC",3353,2012,2026,Credit reporting,46.23,Auto lender,known
Rent Recovery Solutions,3288,2013,2026,Debt collection,77.59,Debt collector or debt buyer,profile
Credit Corp Solutions Inc.,3274,2013,2026,Debt collection,77.89,Debt collector or debt buyer,profile
Selene Holdings LLC,3267,2020,2026,Mortgage,89.78,Mortgage servicer or lender,profile
"Debt Recovery Solutions, LLC",3234,2013,2026,Debt collection,81.14,Debt collector or debt buyer,profile
"Avant Holding Company, Inc.",3123,2021,2026,Credit & prepaid cards,44.83,"Consumer, installment or payday lender",known
"The CMI Group, Inc.",3090,2013,2024,Debt collection,82.78,Debt collector or debt buyer,profile
RoundPoint Mortgage Servicing LLC,3048,2012,2026,Mortgage,92.19,Mortgage servicer or lender,known
"Medical Data Systems, Inc.",3016,2013,2026,Debt collection,84.02,Debt collector or debt buyer,profile
"Collection Management Holdings, LLC",3016,2019,2026,Debt collection,80.54,Debt collector or debt buyer,profile
"LD Holdings Group, LLC",3015,2012,2026,Mortgage,84.01,Mortgage servicer or lender,profile
"MRS BPO, LLC",3000,2013,2026,Debt collection,85.03,Debt collector or debt buyer,profile
"LAKEVIEW LOAN SERVICING, LLC",2964,2014,2026,Mortgage,93.45,Mortgage servicer or lender,known
Klarna AB,2958,2017,2026,Payday & personal loans,30.83,"Consumer, installment or payday lender",known
"Colony Brands, Inc.",2956,2015,2026,Credit reporting,43.03,Retailer offering credit,known
Phoenix Financial Services LLC,2913,2014,2025,Debt collection,84.62,Debt collector or debt buyer,profile
Penn Credit Corporation,2888,2013,2026,Debt collection,84.63,Debt collector or debt buyer,profile
"Diversified Adjustment Service, Inc.",2868,2013,2026,Debt collection,80.68,Debt collector or debt buyer,profile
Velocity Portfolio Group,2862,2013,2026,Debt collection,70.37,Debt collector or debt buyer,profile
"EOS Holdings, Inc.",2843,2013,2026,Debt collection,87.55,Debt collector or debt buyer,profile
Possible Financial Inc,2803,2019,2026,Credit reporting,49.27,"Consumer, installment or payday lender",known
"MARINER FINANCE, LLC",2796,2014,2026,Credit reporting,40.16,"Consumer, installment or payday lender",known
"Lockhart, Morris & Montgomery Inc.",2735,2013,2026,Debt collection,77.51,Debt collector or debt buyer,profile
CNG FINANCIAL CORPORATION,2734,2013,2026,Debt collection,50.55,"Consumer, installment or payday lender",known
LJ Ross Associates,2718,2013,2026,Debt collection,78.26,Debt collector or debt buyer,profile
CCF Intermediate Holdings LLC,2711,2022,2026,Payday & personal loans,48.47,"Consumer, installment or payday lender",profile
"WAKEFIELD & ASSOCIATES, INC.",2684,2013,2023,Debt collection,84.13,Debt collector or debt buyer,profile
"Bull City Financial Solutions, Inc",2656,2013,2026,Debt collection,78.43,Debt collector or debt buyer,profile
BTH Management,2650,2016,2026,Debt collection,76.49,Debt collector or debt buyer,profile
"ONEMAIN FINANCIAL HOLDINGS, LLC.",2646,2012,2019,Vehicle & consumer loans,25.89,"Consumer, installment or payday lender",known
VW Credit,2614,2012,2026,Vehicle & consumer loans,48.66,Auto lender,known
"Waypoint Resource Group, LLC",2608,2017,2026,Debt collection,78.49,Debt collector or debt buyer,profile
"Conn's, Inc.",2593,2015,2024,Debt collection,44.2,Retailer offering credit,known
"RentDebt Automated Collections, LLC",2565,2013,2026,Debt collection,79.03,Debt collector or debt buyer,profile
Absolute Resolutions Corp.,2562,2014,2026,Debt collection,73.26,Debt collector or debt buyer,profile
Monterey Financial Services LLC,2535,2014,2026,Debt collection,69.19,"Consumer, installment or payday lender",profile
Army and Air Force Exchange Service,2507,2012,2026,Credit reporting,39.81,Retailer offering credit,known
TCF NATIONAL BANK,2494,2011,2025,Bank accounts,65.04,Bank or bank holding company,known
AmeriCollect,2488,2013,2026,Debt collection,81.59,Debt collector or debt buyer,profile
Consumer Adjustment Company Incorporated,2487,2013,2026,Debt collection,73.54,Debt collector or debt buyer,profile
