company,cert,year,complaints_all,complaints_excl_credit_reporting,bank_accounts_complaints,deposits_thousands_usd,total_assets_thousands_usd,report_date,complaints_per_billion_deposits_all,complaints_per_billion_deposits_excl_credit_reporting,bank_accounts_complaints_per_billion_deposits,complaints_per_billion_assets_all,deposits_figure_used,assets_figure_used,num_deposit_accounts_250k_or_less,bank_accounts_complaints_per_100k_accounts,min_volume_flag,accounts_figure_used
ALLY FINANCIAL INC.,57803,2023,3351,1993,673,159041000.0,186114000.0,20231231.0,21.07,12.531,4.232,18.005,"domestic total deposits (FDIC field DEP), call report closest to year-end (target REPDTE=YYYY1231)","FDIC total assets (field ASSET), call report at the same year-end date as deposits (target REPDTE=YYYY1231)",5738164.0,11.7285,False,"FDIC Call Report Schedule RC-O memorandum field DEPSMB (number of deposit accounts, non-retirement, with a balance at or below $250,000), same year-end date as deposits (REPDTE=YYYY1231)"
ALLY FINANCIAL INC.,57803,2024,4281,2303,666,156636000.0,181409000.0,20241231.0,27.331,14.703,4.252,23.599,"domestic total deposits (FDIC field DEP), call report closest to year-end (target REPDTE=YYYY1231)","FDIC total assets (field ASSET), call report at the same year-end date as deposits (target REPDTE=YYYY1231)",6072769.0,10.967,False,"FDIC Call Report Schedule RC-O memorandum field DEPSMB (number of deposit accounts, non-retirement, with a balance at or below $250,000), same year-end date as deposits (REPDTE=YYYY1231)"
ALLY FINANCIAL INC.,57803,2025,5553,2947,682,155037000.0,184648000.0,20251231.0,35.817,19.008,4.399,30.073,"domestic total deposits (FDIC field DEP), call report closest to year-end (target REPDTE=YYYY1231)","FDIC total assets (field ASSET), call report at the same year-end date as deposits (target REPDTE=YYYY1231)",6253729.0,10.9055,False,"FDIC Call Report Schedule RC-O memorandum field DEPSMB (number of deposit accounts, non-retirement, with a balance at or below $250,000), same year-end date as deposits (REPDTE=YYYY1231)"
AMERICAN EXPRESS COMPANY,27471,2023,6116,4825,257,140966564.0,180420931.0,20231231.0,43.386,34.228,1.823,33.899,"domestic total deposits (FDIC field DEP), call report closest to year-end (target REPDTE=YYYY1231)","FDIC total assets (field ASSET), call report at the same year-end date as deposits (target REPDTE=YYYY1231)",2343311.0,10.9674,True,"FDIC Call Report Schedule RC-O memorandum field DEPSMB (number of deposit accounts, non-retirement, with a balance at or below $250,000), same year-end date as deposits (REPDTE=YYYY1231)"
AMERICAN EXPRESS COMPANY,27471,2024,8920,6779,241,149994141.0,193062339.0,20241231.0,59.469,45.195,1.607,46.203,"domestic total deposits (FDIC field DEP), call report closest to year-end (target REPDTE=YYYY1231)","FDIC total assets (field ASSET), call report at the same year-end date as deposits (target REPDTE=YYYY1231)",3181214.0,7.5757,True,"FDIC Call Report Schedule RC-O memorandum field DEPSMB (number of deposit accounts, non-retirement, with a balance at or below $250,000), same year-end date as deposits (REPDTE=YYYY1231)"
AMERICAN EXPRESS COMPANY,27471,2025,10571,7633,330,167788454.0,211275193.0,20251231.0,63.002,45.492,1.967,50.034,"domestic total deposits (FDIC field DEP), call report closest to year-end (target REPDTE=YYYY1231)","FDIC total assets (field ASSET), call report at the same year-end date as deposits (target REPDTE=YYYY1231)",4058359.0,8.1314,False,"FDIC Call Report Schedule RC-O memorandum field DEPSMB (number of deposit accounts, non-retirement, with a balance at or below $250,000), same year-end date as deposits (REPDTE=YYYY1231)"
"BANK OF AMERICA, NATIONAL ASSOCIATION",3510,2023,14315,12085,6131,2031779000.0,2540116000.0,20231231.0,7.046,5.948,3.018,5.636,"domestic total deposits (FDIC field DEP), call report closest to year-end (target REPDTE=YYYY1231)","FDIC total assets (field ASSET), call report at the same year-end date as deposits (target REPDTE=YYYY1231)",113402067.0,5.4064,False,"FDIC Call Report Schedule RC-O memorandum field DEPSMB (number of deposit accounts, non-retirement, with a balance at or below $250,000), same year-end date as deposits (REPDTE=YYYY1231)"
"BANK OF AMERICA, NATIONAL ASSOCIATION",3510,2024,14323,11132,4996,2055465000.0,2589060000.0,20241231.0,6.968,5.416,2.431,5.532,"domestic total deposits (FDIC field DEP), call report closest to year-end (target REPDTE=YYYY1231)","FDIC total assets (field ASSET), call report at the same year-end date as deposits (target REPDTE=YYYY1231)",115395526.0,4.3295,False,"FDIC Call Report Schedule RC-O memorandum field DEPSMB (number of deposit accounts, non-retirement, with a balance at or below $250,000), same year-end date as deposits (REPDTE=YYYY1231)"
"BANK OF AMERICA, NATIONAL ASSOCIATION",3510,2025,19168,14948,6680,2101968000.0,2636823000.0,20251231.0,9.119,7.111,3.178,7.269,"domestic total deposits (FDIC field DEP), call report closest to year-end (target REPDTE=YYYY1231)","FDIC total assets (field ASSET), call report at the same year-end date as deposits (target REPDTE=YYYY1231)",80153280.0,8.334,False,"FDIC Call Report Schedule RC-O memorandum field DEPSMB (number of deposit accounts, non-retirement, with a balance at or below $250,000), same year-end date as deposits (REPDTE=YYYY1231)"
BARCLAYS BANK DELAWARE,57203,2023,2758,1980,56,31716000.0,41575000.0,20231231.0,86.959,62.429,1.766,66.338,"domestic total deposits (FDIC field DEP), call report closest to year-end (target REPDTE=YYYY1231)","FDIC total assets (field ASSET), call report at the same year-end date as deposits (target REPDTE=YYYY1231)",1166109.0,4.8023,True,"FDIC Call Report Schedule RC-O memorandum field DEPSMB (number of deposit accounts, non-retirement, with a balance at or below $250,000), same year-end date as deposits (REPDTE=YYYY1231)"
BARCLAYS BANK DELAWARE,57203,2024,3289,2025,44,35423000.0,44672000.0,20241231.0,92.849,57.166,1.242,73.626,"domestic total deposits (FDIC field DEP), call report closest to year-end (target REPDTE=YYYY1231)","FDIC total assets (field ASSET), call report at the same year-end date as deposits (target REPDTE=YYYY1231)",1363101.0,3.2279,True,"FDIC Call Report Schedule RC-O memorandum field DEPSMB (number of deposit accounts, non-retirement, with a balance at or below $250,000), same year-end date as deposits (REPDTE=YYYY1231)"
BARCLAYS BANK DELAWARE,57203,2025,4791,3054,108,38116000.0,47613000.0,20251231.0,125.695,80.124,2.833,100.624,"domestic total deposits (FDIC field DEP), call report closest to year-end (target REPDTE=YYYY1231)","FDIC total assets (field ASSET), call report at the same year-end date as deposits (target REPDTE=YYYY1231)",1431345.0,7.5454,True,"FDIC Call Report Schedule RC-O memorandum field DEPSMB (number of deposit accounts, non-retirement, with a balance at or below $250,000), same year-end date as deposits (REPDTE=YYYY1231)"
BB&T CORPORATION,22584,2023,0,0,0,,,,,,,,"domestic total deposits (FDIC field DEP), call report closest to year-end (target REPDTE=YYYY1231)","FDIC total assets (field ASSET), call report at the same year-end date as deposits (target REPDTE=YYYY1231)",,,True,"FDIC Call Report Schedule RC-O memorandum field DEPSMB (number of deposit accounts, non-retirement, with a balance at or below $250,000), same year-end date as deposits (REPDTE=YYYY1231)"
BB&T CORPORATION,22584,2024,0,0,0,,,,,,,,"domestic total deposits (FDIC field DEP), call report closest to year-end (target REPDTE=YYYY1231)","FDIC total assets (field ASSET), call report at the same year-end date as deposits (target REPDTE=YYYY1231)",,,True,"FDIC Call Report Schedule RC-O memorandum field DEPSMB (number of deposit accounts, non-retirement, with a balance at or below $250,000), same year-end date as deposits (REPDTE=YYYY1231)"
BB&T CORPORATION,22584,2025,0,0,0,,,,,,,,"domestic total deposits (FDIC field DEP), call report closest to year-end (target REPDTE=YYYY1231)","FDIC total assets (field ASSET), call report at the same year-end date as deposits (target REPDTE=YYYY1231)",,,True,"FDIC Call Report Schedule RC-O memorandum field DEPSMB (number of deposit accounts, non-retirement, with a balance at or below $250,000), same year-end date as deposits (REPDTE=YYYY1231)"
BBVA FINANCIAL CORPORATION,19048,2023,0,0,0,,,,,,,,"domestic total deposits (FDIC field DEP), call report closest to year-end (target REPDTE=YYYY1231)","FDIC total assets (field ASSET), call report at the same year-end date as deposits (target REPDTE=YYYY1231)",,,True,"FDIC Call Report Schedule RC-O memorandum field DEPSMB (number of deposit accounts, non-retirement, with a balance at or below $250,000), same year-end date as deposits (REPDTE=YYYY1231)"
BBVA FINANCIAL CORPORATION,19048,2024,0,0,0,,,,,,,,"domestic total deposits (FDIC field DEP), call report closest to year-end (target REPDTE=YYYY1231)","FDIC total assets (field ASSET), call report at the same year-end date as deposits (target REPDTE=YYYY1231)",,,True,"FDIC Call Report Schedule RC-O memorandum field DEPSMB (number of deposit accounts, non-retirement, with a balance at or below $250,000), same year-end date as deposits (REPDTE=YYYY1231)"
BBVA FINANCIAL CORPORATION,19048,2025,0,0,0,,,,,,,,"domestic total deposits (FDIC field DEP), call report closest to year-end (target REPDTE=YYYY1231)","FDIC total assets (field ASSET), call report at the same year-end date as deposits (target REPDTE=YYYY1231)",,,True,"FDIC Call Report Schedule RC-O memorandum field DEPSMB (number of deposit accounts, non-retirement, with a balance at or below $250,000), same year-end date as deposits (REPDTE=YYYY1231)"
BMO BANK NATIONAL ASSOCIATION,16571,2023,1026,906,535,206601880.0,265689963.0,20231231.0,4.966,4.385,2.59,3.862,"domestic total deposits (FDIC field DEP), call report closest to year-end (target REPDTE=YYYY1231)","FDIC total assets (field ASSET), call report at the same year-end date as deposits (target REPDTE=YYYY1231)",4144595.0,12.9084,False,"FDIC Call Report Schedule RC-O memorandum field DEPSMB (number of deposit accounts, non-retirement, with a balance at or below $250,000), same year-end date as deposits (REPDTE=YYYY1231)"
BMO BANK NATIONAL ASSOCIATION,16571,2024,1280,1182,786,210560441.0,263653406.0,20241231.0,6.079,5.614,3.733,4.855,"domestic total deposits (FDIC field DEP), call report closest to year-end (target REPDTE=YYYY1231)","FDIC total assets (field ASSET), call report at the same year-end date as deposits (target REPDTE=YYYY1231)",4318906.0,18.1991,False,"FDIC Call Report Schedule RC-O memorandum field DEPSMB (number of deposit accounts, non-retirement, with a balance at or below $250,000), same year-end date as deposits (REPDTE=YYYY1231)"
BMO BANK NATIONAL ASSOCIATION,16571,2025,1228,1107,700,196979273.0,252074150.0,20251231.0,6.234,5.62,3.554,4.872,"domestic total deposits (FDIC field DEP), call report closest to year-end (target REPDTE=YYYY1231)","FDIC total assets (field ASSET), call report at the same year-end date as deposits (target REPDTE=YYYY1231)",4327718.0,16.1748,False,"FDIC Call Report Schedule RC-O memorandum field DEPSMB (number of deposit accounts, non-retirement, with a balance at or below $250,000), same year-end date as deposits (REPDTE=YYYY1231)"
"Bread Financial Holdings, Inc.",27499,2023,5964,3819,59,4339477.0,8680849.0,20231231.0,1374.359,880.06,13.596,687.03,"domestic total deposits (FDIC field DEP), call report closest to year-end (target REPDTE=YYYY1231)","FDIC total assets (field ASSET), call report at the same year-end date as deposits (target REPDTE=YYYY1231)",707.0,8345.1202,True,"FDIC Call Report Schedule RC-O memorandum field DEPSMB (number of deposit accounts, non-retirement, with a balance at or below $250,000), same year-end date as deposits (REPDTE=YYYY1231)"
"Bread Financial Holdings, Inc.",27499,2024,6074,3661,50,3260276.0,8094486.0,20241231.0,1863.032,1122.911,15.336,750.387,"domestic total deposits (FDIC field DEP), call report closest to year-end (target REPDTE=YYYY1231)","FDIC total assets (field ASSET), call report at the same year-end date as deposits (target REPDTE=YYYY1231)",467.0,10706.6381,True,"FDIC Call Report Schedule RC-O memorandum field DEPSMB (number of deposit accounts, non-retirement, with a balance at or below $250,000), same year-end date as deposits (REPDTE=YYYY1231)"
"Bread Financial Holdings, Inc.",27499,2025,9401,5758,40,3743381.0,7760444.0,20251231.0,2511.366,1538.182,10.686,1211.4,"domestic total deposits (FDIC field DEP), call report closest to year-end (target REPDTE=YYYY1231)","FDIC total assets (field ASSET), call report at the same year-end date as deposits (target REPDTE=YYYY1231)",432.0,9259.2593,True,"FDIC Call Report Schedule RC-O memorandum field DEPSMB (number of deposit accounts, non-retirement, with a balance at or below $250,000), same year-end date as deposits (REPDTE=YYYY1231)"
CAPITAL ONE FINANCIAL CORPORATION,4297,2023,17018,9705,1849,374160480.0,475628639.0,20231231.0,45.483,25.938,4.942,35.78,"domestic total deposits (FDIC field DEP), call report closest to year-end (target REPDTE=YYYY1231)","FDIC total assets (field ASSET), call report at the same year-end date as deposits (target REPDTE=YYYY1231)",33619739.0,5.4997,False,"FDIC Call Report Schedule RC-O memorandum field DEPSMB (number of deposit accounts, non-retirement, with a balance at or below $250,000), same year-end date as deposits (REPDTE=YYYY1231)"
CAPITAL ONE FINANCIAL CORPORATION,4297,2024,20493,11779,2064,385442165.0,487192523.0,20241231.0,53.168,30.56,5.355,42.063,"domestic total deposits (FDIC field DEP), call report closest to year-end (target REPDTE=YYYY1231)","FDIC total assets (field ASSET), call report at the same year-end date as deposits (target REPDTE=YYYY1231)",32957561.0,6.2626,False,"FDIC Call Report Schedule RC-O memorandum field DEPSMB (number of deposit accounts, non-retirement, with a balance at or below $250,000), same year-end date as deposits (REPDTE=YYYY1231)"
CAPITAL ONE FINANCIAL CORPORATION,4297,2025,34102,22971,7912,504752862.0,658464240.0,20251231.0,67.562,45.509,15.675,51.79,"domestic total deposits (FDIC field DEP), call report closest to year-end (target REPDTE=YYYY1231)","FDIC total assets (field ASSET), call report at the same year-end date as deposits (target REPDTE=YYYY1231)",44697154.0,17.7014,False,"FDIC Call Report Schedule RC-O memorandum field DEPSMB (number of deposit accounts, non-retirement, with a balance at or below $250,000), same year-end date as deposits (REPDTE=YYYY1231)"
"CITIBANK, N.A.",7213,2023,9796,7941,2376,1327597000.0,1684710000.0,20231231.0,7.379,5.981,1.79,5.815,"domestic total deposits (FDIC field DEP), call report closest to year-end (target REPDTE=YYYY1231)","FDIC total assets (field ASSET), call report at the same year-end date as deposits (target REPDTE=YYYY1231)",15216791.0,15.6143,False,"FDIC Call Report Schedule RC-O memorandum field DEPSMB (number of deposit accounts, non-retirement, with a balance at or below $250,000), same year-end date as deposits (REPDTE=YYYY1231)"
"CITIBANK, N.A.",7213,2024,14636,11046,2935,1324835000.0,1696818000.0,20241231.0,11.047,8.338,2.215,8.626,"domestic total deposits (FDIC field DEP), call report closest to year-end (target REPDTE=YYYY1231)","FDIC total assets (field ASSET), call report at the same year-end date as deposits (target REPDTE=YYYY1231)",16370571.0,17.9285,False,"FDIC Call Report Schedule RC-O memorandum field DEPSMB (number of deposit accounts, non-retirement, with a balance at or below $250,000), same year-end date as deposits (REPDTE=YYYY1231)"
"CITIBANK, N.A.",7213,2025,19792,14831,3458,1465300000.0,1836436000.0,20251231.0,13.507,10.121,2.36,10.777,"domestic total deposits (FDIC field DEP), call report closest to year-end (target REPDTE=YYYY1231)","FDIC total assets (field ASSET), call report at the same year-end date as deposits (target REPDTE=YYYY1231)",15124154.0,22.8641,False,"FDIC Call Report Schedule RC-O memorandum field DEPSMB (number of deposit accounts, non-retirement, with a balance at or below $250,000), same year-end date as deposits (REPDTE=YYYY1231)"
"CITIZENS FINANCIAL GROUP, INC.",57957,2023,2031,1772,1076,180831726.0,221750244.0,20231231.0,11.231,9.799,5.95,9.159,"domestic total deposits (FDIC field DEP), call report closest to year-end (target REPDTE=YYYY1231)","FDIC total assets (field ASSET), call report at the same year-end date as deposits (target REPDTE=YYYY1231)",5911721.0,18.2011,False,"FDIC Call Report Schedule RC-O memorandum field DEPSMB (number of deposit accounts, non-retirement, with a balance at or below $250,000), same year-end date as deposits (REPDTE=YYYY1231)"
"CITIZENS FINANCIAL GROUP, INC.",57957,2024,1973,1687,991,178001267.0,217178887.0,20241231.0,11.084,9.477,5.567,9.085,"domestic total deposits (FDIC field DEP), call report closest to year-end (target REPDTE=YYYY1231)","FDIC total assets (field ASSET), call report at the same year-end date as deposits (target REPDTE=YYYY1231)",6620194.0,14.9693,False,"FDIC Call Report Schedule RC-O memorandum field DEPSMB (number of deposit accounts, non-retirement, with a balance at or below $250,000), same year-end date as deposits (REPDTE=YYYY1231)"
"CITIZENS FINANCIAL GROUP, INC.",57957,2025,2017,1682,981,186283426.0,225863637.0,20251231.0,10.828,9.029,5.266,8.93,"domestic total deposits (FDIC field DEP), call report closest to year-end (target REPDTE=YYYY1231)","FDIC total assets (field ASSET), call report at the same year-end date as deposits (target REPDTE=YYYY1231)",6621576.0,14.8152,False,"FDIC Call Report Schedule RC-O memorandum field DEPSMB (number of deposit accounts, non-retirement, with a balance at or below $250,000), same year-end date as deposits (REPDTE=YYYY1231)"
Comerica,983,2023,662,659,173,68355000.0,85902000.0,20231231.0,9.685,9.641,2.531,7.706,"domestic total deposits (FDIC field DEP), call report closest to year-end (target REPDTE=YYYY1231)","FDIC total assets (field ASSET), call report at the same year-end date as deposits (target REPDTE=YYYY1231)",1140289.0,15.1716,True,"FDIC Call Report Schedule RC-O memorandum field DEPSMB (number of deposit accounts, non-retirement, with a balance at or below $250,000), same year-end date as deposits (REPDTE=YYYY1231)"
Comerica,983,2024,735,727,197,65201000.0,79332000.0,20241231.0,11.273,11.15,3.021,9.265,"domestic total deposits (FDIC field DEP), call report closest to year-end (target REPDTE=YYYY1231)","FDIC total assets (field ASSET), call report at the same year-end date as deposits (target REPDTE=YYYY1231)",1059127.0,18.6002,True,"FDIC Call Report Schedule RC-O memorandum field DEPSMB (number of deposit accounts, non-retirement, with a balance at or below $250,000), same year-end date as deposits (REPDTE=YYYY1231)"
Comerica,983,2025,1245,1230,315,66282000.0,80052000.0,20251231.0,18.783,18.557,4.752,15.552,"domestic total deposits (FDIC field DEP), call report closest to year-end (target REPDTE=YYYY1231)","FDIC total assets (field ASSET), call report at the same year-end date as deposits (target REPDTE=YYYY1231)",1052490.0,29.929,False,"FDIC Call Report Schedule RC-O memorandum field DEPSMB (number of deposit accounts, non-retirement, with a balance at or below $250,000), same year-end date as deposits (REPDTE=YYYY1231)"
DISCOVER BANK,5649,2023,5211,3133,271,112624604.0,149498941.0,20231231.0,46.269,27.818,2.406,34.856,"domestic total deposits (FDIC field DEP), call report closest to year-end (target REPDTE=YYYY1231)","FDIC total assets (field ASSET), call report at the same year-end date as deposits (target REPDTE=YYYY1231)",7162341.0,3.7837,True,"FDIC Call Report Schedule RC-O memorandum field DEPSMB (number of deposit accounts, non-retirement, with a balance at or below $250,000), same year-end date as deposits (REPDTE=YYYY1231)"
DISCOVER BANK,5649,2024,6924,3763,363,112460408.0,145453245.0,20241231.0,61.568,33.461,3.228,47.603,"domestic total deposits (FDIC field DEP), call report closest to year-end (target REPDTE=YYYY1231)","FDIC total assets (field ASSET), call report at the same year-end date as deposits (target REPDTE=YYYY1231)",8014574.0,4.5292,False,"FDIC Call Report Schedule RC-O memorandum field DEPSMB (number of deposit accounts, non-retirement, with a balance at or below $250,000), same year-end date as deposits (REPDTE=YYYY1231)"
DISCOVER BANK,5649,2025,8632,4786,440,,,,,,,,"domestic total deposits (FDIC field DEP), call report closest to year-end (target REPDTE=YYYY1231)","FDIC total assets (field ASSET), call report at the same year-end date as deposits (target REPDTE=YYYY1231)",,,False,"FDIC Call Report Schedule RC-O memorandum field DEPSMB (number of deposit accounts, non-retirement, with a balance at or below $250,000), same year-end date as deposits (REPDTE=YYYY1231)"
FIFTH THIRD FINANCIAL CORPORATION,6672,2023,1308,1105,548,175810000.0,213768000.0,20231231.0,7.44,6.285,3.117,6.119,"domestic total deposits (FDIC field DEP), call report closest to year-end (target REPDTE=YYYY1231)","FDIC total assets (field ASSET), call report at the same year-end date as deposits (target REPDTE=YYYY1231)",6463604.0,8.4782,False,"FDIC Call Report Schedule RC-O memorandum field DEPSMB (number of deposit accounts, non-retirement, with a balance at or below $250,000), same year-end date as deposits (REPDTE=YYYY1231)"
FIFTH THIRD FINANCIAL CORPORATION,6672,2024,1389,1158,568,171700000.0,212197000.0,20241231.0,8.09,6.744,3.308,6.546,"domestic total deposits (FDIC field DEP), call report closest to year-end (target REPDTE=YYYY1231)","FDIC total assets (field ASSET), call report at the same year-end date as deposits (target REPDTE=YYYY1231)",6933118.0,8.1926,False,"FDIC Call Report Schedule RC-O memorandum field DEPSMB (number of deposit accounts, non-retirement, with a balance at or below $250,000), same year-end date as deposits (REPDTE=YYYY1231)"
FIFTH THIRD FINANCIAL CORPORATION,6672,2025,1697,1416,674,175203000.0,213730000.0,20251231.0,9.686,8.082,3.847,7.94,"domestic total deposits (FDIC field DEP), call report closest to year-end (target REPDTE=YYYY1231)","FDIC total assets (field ASSET), call report at the same year-end date as deposits (target REPDTE=YYYY1231)",6940642.0,9.7109,False,"FDIC Call Report Schedule RC-O memorandum field DEPSMB (number of deposit accounts, non-retirement, with a balance at or below $250,000), same year-end date as deposits (REPDTE=YYYY1231)"
FIRST NATIONAL BANK OF OMAHA,5452,2023,496,397,95,26335580.0,31111148.0,20231231.0,18.834,15.075,3.607,15.943,"domestic total deposits (FDIC field DEP), call report closest to year-end (target REPDTE=YYYY1231)","FDIC total assets (field ASSET), call report at the same year-end date as deposits (target REPDTE=YYYY1231)",953550.0,9.9628,True,"FDIC Call Report Schedule RC-O memorandum field DEPSMB (number of deposit accounts, non-retirement, with a balance at or below $250,000), same year-end date as deposits (REPDTE=YYYY1231)"
FIRST NATIONAL BANK OF OMAHA,5452,2024,526,383,71,26806146.0,31985717.0,20241231.0,19.622,14.288,2.649,16.445,"domestic total deposits (FDIC field DEP), call report closest to year-end (target REPDTE=YYYY1231)","FDIC total assets (field ASSET), call report at the same year-end date as deposits (target REPDTE=YYYY1231)",955795.0,7.4284,True,"FDIC Call Report Schedule RC-O memorandum field DEPSMB (number of deposit accounts, non-retirement, with a balance at or below $250,000), same year-end date as deposits (REPDTE=YYYY1231)"
FIRST NATIONAL BANK OF OMAHA,5452,2025,643,456,67,28157587.0,34573634.0,20251231.0,22.836,16.195,2.379,18.598,"domestic total deposits (FDIC field DEP), call report closest to year-end (target REPDTE=YYYY1231)","FDIC total assets (field ASSET), call report at the same year-end date as deposits (target REPDTE=YYYY1231)",998060.0,6.713,True,"FDIC Call Report Schedule RC-O memorandum field DEPSMB (number of deposit accounts, non-retirement, with a balance at or below $250,000), same year-end date as deposits (REPDTE=YYYY1231)"
"Flagstar Bank, N.A.",32541,2023,0,0,0,81683978.0,113998085.0,20231231.0,0.0,0.0,0.0,0.0,"domestic total deposits (FDIC field DEP), call report closest to year-end (target REPDTE=YYYY1231)","FDIC total assets (field ASSET), call report at the same year-end date as deposits (target REPDTE=YYYY1231)",1270161.0,0.0,True,"FDIC Call Report Schedule RC-O memorandum field DEPSMB (number of deposit accounts, non-retirement, with a balance at or below $250,000), same year-end date as deposits (REPDTE=YYYY1231)"
"Flagstar Bank, N.A.",32541,2024,0,0,0,76448437.0,100102295.0,20241231.0,0.0,0.0,0.0,0.0,"domestic total deposits (FDIC field DEP), call report closest to year-end (target REPDTE=YYYY1231)","FDIC total assets (field ASSET), call report at the same year-end date as deposits (target REPDTE=YYYY1231)",1321648.0,0.0,True,"FDIC Call Report Schedule RC-O memorandum field DEPSMB (number of deposit accounts, non-retirement, with a balance at or below $250,000), same year-end date as deposits (REPDTE=YYYY1231)"
"Flagstar Bank, N.A.",32541,2025,0,0,0,65999563.0,87511954.0,20251231.0,0.0,0.0,0.0,0.0,"domestic total deposits (FDIC field DEP), call report closest to year-end (target REPDTE=YYYY1231)","FDIC total assets (field ASSET), call report at the same year-end date as deposits (target REPDTE=YYYY1231)",1296224.0,0.0,True,"FDIC Call Report Schedule RC-O memorandum field DEPSMB (number of deposit accounts, non-retirement, with a balance at or below $250,000), same year-end date as deposits (REPDTE=YYYY1231)"
GOLDMAN SACHS BANK USA,33124,2023,2954,2276,575,381773000.0,521102000.0,20231231.0,7.738,5.962,1.506,5.669,"domestic total deposits (FDIC field DEP), call report closest to year-end (target REPDTE=YYYY1231)","FDIC total assets (field ASSET), call report at the same year-end date as deposits (target REPDTE=YYYY1231)",4485947.0,12.8178,False,"FDIC Call Report Schedule RC-O memorandum field DEPSMB (number of deposit accounts, non-retirement, with a balance at or below $250,000), same year-end date as deposits (REPDTE=YYYY1231)"
GOLDMAN SACHS BANK USA,33124,2024,4520,3402,1031,389733000.0,561177000.0,20241231.0,11.598,8.729,2.645,8.054,"domestic total deposits (FDIC field DEP), call report closest to year-end (target REPDTE=YYYY1231)","FDIC total assets (field ASSET), call report at the same year-end date as deposits (target REPDTE=YYYY1231)",5673945.0,18.1708,False,"FDIC Call Report Schedule RC-O memorandum field DEPSMB (number of deposit accounts, non-retirement, with a balance at or below $250,000), same year-end date as deposits (REPDTE=YYYY1231)"
GOLDMAN SACHS BANK USA,33124,2025,5430,3733,564,438331000.0,644997000.0,20251231.0,12.388,8.516,1.287,8.419,"domestic total deposits (FDIC field DEP), call report closest to year-end (target REPDTE=YYYY1231)","FDIC total assets (field ASSET), call report at the same year-end date as deposits (target REPDTE=YYYY1231)",6584846.0,8.5651,False,"FDIC Call Report Schedule RC-O memorandum field DEPSMB (number of deposit accounts, non-retirement, with a balance at or below $250,000), same year-end date as deposits (REPDTE=YYYY1231)"
HSBC NORTH AMERICA HOLDINGS INC.,57890,2023,362,325,139,135441104.0,165171605.0,20231231.0,2.673,2.4,1.026,2.192,"domestic total deposits (FDIC field DEP), call report closest to year-end (target REPDTE=YYYY1231)","FDIC total assets (field ASSET), call report at the same year-end date as deposits (target REPDTE=YYYY1231)",506616.0,27.437,True,"FDIC Call Report Schedule RC-O memorandum field DEPSMB (number of deposit accounts, non-retirement, with a balance at or below $250,000), same year-end date as deposits (REPDTE=YYYY1231)"
HSBC NORTH AMERICA HOLDINGS INC.,57890,2024,355,331,135,137635432.0,164819624.0,20241231.0,2.579,2.405,0.981,2.154,"domestic total deposits (FDIC field DEP), call report closest to year-end (target REPDTE=YYYY1231)","FDIC total assets (field ASSET), call report at the same year-end date as deposits (target REPDTE=YYYY1231)",514791.0,26.2242,True,"FDIC Call Report Schedule RC-O memorandum field DEPSMB (number of deposit accounts, non-retirement, with a balance at or below $250,000), same year-end date as deposits (REPDTE=YYYY1231)"
HSBC NORTH AMERICA HOLDINGS INC.,57890,2025,372,346,107,137520133.0,165262283.0,20251231.0,2.705,2.516,0.778,2.251,"domestic total deposits (FDIC field DEP), call report closest to year-end (target REPDTE=YYYY1231)","FDIC total assets (field ASSET), call report at the same year-end date as deposits (target REPDTE=YYYY1231)",508204.0,21.0545,True,"FDIC Call Report Schedule RC-O memorandum field DEPSMB (number of deposit accounts, non-retirement, with a balance at or below $250,000), same year-end date as deposits (REPDTE=YYYY1231)"
"HUNTINGTON NATIONAL BANK, THE",6560,2023,858,741,519,155523945.0,188730743.0,20231231.0,5.517,4.765,3.337,4.546,"domestic total deposits (FDIC field DEP), call report closest to year-end (target REPDTE=YYYY1231)","FDIC total assets (field ASSET), call report at the same year-end date as deposits (target REPDTE=YYYY1231)",7325423.0,7.0849,False,"FDIC Call Report Schedule RC-O memorandum field DEPSMB (number of deposit accounts, non-retirement, with a balance at or below $250,000), same year-end date as deposits (REPDTE=YYYY1231)"
"HUNTINGTON NATIONAL BANK, THE",6560,2024,910,794,558,166964504.0,203427533.0,20241231.0,5.45,4.756,3.342,4.473,"domestic total deposits (FDIC field DEP), call report closest to year-end (target REPDTE=YYYY1231)","FDIC total assets (field ASSET), call report at the same year-end date as deposits (target REPDTE=YYYY1231)",7452326.0,7.4876,False,"FDIC Call Report Schedule RC-O memorandum field DEPSMB (number of deposit accounts, non-retirement, with a balance at or below $250,000), same year-end date as deposits (REPDTE=YYYY1231)"
"HUNTINGTON NATIONAL BANK, THE",6560,2025,1242,1085,739,180595114.0,224047234.0,20251231.0,6.877,6.008,4.092,5.543,"domestic total deposits (FDIC field DEP), call report closest to year-end (target REPDTE=YYYY1231)","FDIC total assets (field ASSET), call report at the same year-end date as deposits (target REPDTE=YYYY1231)",7609463.0,9.7116,False,"FDIC Call Report Schedule RC-O memorandum field DEPSMB (number of deposit accounts, non-retirement, with a balance at or below $250,000), same year-end date as deposits (REPDTE=YYYY1231)"
JPMORGAN CHASE & CO.,628,2023,15615,12908,6135,2498231000.0,3395126000.0,20231231.0,6.25,5.167,2.456,4.599,"domestic total deposits (FDIC field DEP), call report closest to year-end (target REPDTE=YYYY1231)","FDIC total assets (field ASSET), call report at the same year-end date as deposits (target REPDTE=YYYY1231)",110165438.0,5.5689,False,"FDIC Call Report Schedule RC-O memorandum field DEPSMB (number of deposit accounts, non-retirement, with a balance at or below $250,000), same year-end date as deposits (REPDTE=YYYY1231)"
JPMORGAN CHASE & CO.,628,2024,19233,15239,7036,2516998000.0,3459261000.0,20241231.0,7.641,6.054,2.795,5.56,"domestic total deposits (FDIC field DEP), call report closest to year-end (target REPDTE=YYYY1231)","FDIC total assets (field ASSET), call report at the same year-end date as deposits (target REPDTE=YYYY1231)",114463061.0,6.147,False,"FDIC Call Report Schedule RC-O memorandum field DEPSMB (number of deposit accounts, non-retirement, with a balance at or below $250,000), same year-end date as deposits (REPDTE=YYYY1231)"
JPMORGAN CHASE & CO.,628,2025,24458,19736,8937,2697842000.0,3752662000.0,20251231.0,9.066,7.315,3.313,6.518,"domestic total deposits (FDIC field DEP), call report closest to year-end (target REPDTE=YYYY1231)","FDIC total assets (field ASSET), call report at the same year-end date as deposits (target REPDTE=YYYY1231)",120152750.0,7.438,False,"FDIC Call Report Schedule RC-O memorandum field DEPSMB (number of deposit accounts, non-retirement, with a balance at or below $250,000), same year-end date as deposits (REPDTE=YYYY1231)"
KEYCORP,17534,2023,674,619,422,148528430.0,185890386.0,20231231.0,4.538,4.168,2.841,3.626,"domestic total deposits (FDIC field DEP), call report closest to year-end (target REPDTE=YYYY1231)","FDIC total assets (field ASSET), call report at the same year-end date as deposits (target REPDTE=YYYY1231)",4536267.0,9.3028,False,"FDIC Call Report Schedule RC-O memorandum field DEPSMB (number of deposit accounts, non-retirement, with a balance at or below $250,000), same year-end date as deposits (REPDTE=YYYY1231)"
KEYCORP,17534,2024,620,550,390,154986169.0,184461420.0,20241231.0,4.0,3.549,2.516,3.361,"domestic total deposits (FDIC field DEP), call report closest to year-end (target REPDTE=YYYY1231)","FDIC total assets (field ASSET), call report at the same year-end date as deposits (target REPDTE=YYYY1231)",4613697.0,8.4531,False,"FDIC Call Report Schedule RC-O memorandum field DEPSMB (number of deposit accounts, non-retirement, with a balance at or below $250,000), same year-end date as deposits (REPDTE=YYYY1231)"
KEYCORP,17534,2025,804,724,484,153659819.0,181707510.0,20251231.0,5.232,4.712,3.15,4.425,"domestic total deposits (FDIC field DEP), call report closest to year-end (target REPDTE=YYYY1231)","FDIC total assets (field ASSET), call report at the same year-end date as deposits (target REPDTE=YYYY1231)",4561934.0,10.6095,False,"FDIC Call Report Schedule RC-O memorandum field DEPSMB (number of deposit accounts, non-retirement, with a balance at or below $250,000), same year-end date as deposits (REPDTE=YYYY1231)"
M&T BANK CORPORATION,588,2023,822,716,389,167315431.0,207770947.0,20231231.0,4.913,4.279,2.325,3.956,"domestic total deposits (FDIC field DEP), call report closest to year-end (target REPDTE=YYYY1231)","FDIC total assets (field ASSET), call report at the same year-end date as deposits (target REPDTE=YYYY1231)",5044193.0,7.7118,False,"FDIC Call Report Schedule RC-O memorandum field DEPSMB (number of deposit accounts, non-retirement, with a balance at or below $250,000), same year-end date as deposits (REPDTE=YYYY1231)"
M&T BANK CORPORATION,588,2024,904,745,378,165412981.0,207556263.0,20241231.0,5.465,4.504,2.285,4.355,"domestic total deposits (FDIC field DEP), call report closest to year-end (target REPDTE=YYYY1231)","FDIC total assets (field ASSET), call report at the same year-end date as deposits (target REPDTE=YYYY1231)",5081880.0,7.4382,False,"FDIC Call Report Schedule RC-O memorandum field DEPSMB (number of deposit accounts, non-retirement, with a balance at or below $250,000), same year-end date as deposits (REPDTE=YYYY1231)"
M&T BANK CORPORATION,588,2025,1142,939,393,171492971.0,212887157.0,20251231.0,6.659,5.475,2.292,5.364,"domestic total deposits (FDIC field DEP), call report closest to year-end (target REPDTE=YYYY1231)","FDIC total assets (field ASSET), call report at the same year-end date as deposits (target REPDTE=YYYY1231)",5065371.0,7.7586,False,"FDIC Call Report Schedule RC-O memorandum field DEPSMB (number of deposit accounts, non-retirement, with a balance at or below $250,000), same year-end date as deposits (REPDTE=YYYY1231)"
PNC Bank N.A.,6384,2023,2382,2110,1193,428985450.0,557463343.0,20231231.0,5.553,4.919,2.781,4.273,"domestic total deposits (FDIC field DEP), call report closest to year-end (target REPDTE=YYYY1231)","FDIC total assets (field ASSET), call report at the same year-end date as deposits (target REPDTE=YYYY1231)",21265127.0,5.6101,False,"FDIC Call Report Schedule RC-O memorandum field DEPSMB (number of deposit accounts, non-retirement, with a balance at or below $250,000), same year-end date as deposits (REPDTE=YYYY1231)"
PNC Bank N.A.,6384,2024,2528,2169,1177,433565511.0,556138962.0,20241231.0,5.831,5.003,2.715,4.546,"domestic total deposits (FDIC field DEP), call report closest to year-end (target REPDTE=YYYY1231)","FDIC total assets (field ASSET), call report at the same year-end date as deposits (target REPDTE=YYYY1231)",21871558.0,5.3814,False,"FDIC Call Report Schedule RC-O memorandum field DEPSMB (number of deposit accounts, non-retirement, with a balance at or below $250,000), same year-end date as deposits (REPDTE=YYYY1231)"
PNC Bank N.A.,6384,2025,3198,2708,1638,450665135.0,568338163.0,20251231.0,7.096,6.009,3.635,5.627,"domestic total deposits (FDIC field DEP), call report closest to year-end (target REPDTE=YYYY1231)","FDIC total assets (field ASSET), call report at the same year-end date as deposits (target REPDTE=YYYY1231)",22380264.0,7.3189,False,"FDIC Call Report Schedule RC-O memorandum field DEPSMB (number of deposit accounts, non-retirement, with a balance at or below $250,000), same year-end date as deposits (REPDTE=YYYY1231)"
REGIONS FINANCIAL CORPORATION,12368,2023,868,767,443,130154000.0,151314000.0,20231231.0,6.669,5.893,3.404,5.736,"domestic total deposits (FDIC field DEP), call report closest to year-end (target REPDTE=YYYY1231)","FDIC total assets (field ASSET), call report at the same year-end date as deposits (target REPDTE=YYYY1231)",7248333.0,6.1118,False,"FDIC Call Report Schedule RC-O memorandum field DEPSMB (number of deposit accounts, non-retirement, with a balance at or below $250,000), same year-end date as deposits (REPDTE=YYYY1231)"
REGIONS FINANCIAL CORPORATION,12368,2024,880,734,457,130261000.0,155918000.0,20241231.0,6.756,5.635,3.508,5.644,"domestic total deposits (FDIC field DEP), call report closest to year-end (target REPDTE=YYYY1231)","FDIC total assets (field ASSET), call report at the same year-end date as deposits (target REPDTE=YYYY1231)",7222205.0,6.3277,False,"FDIC Call Report Schedule RC-O memorandum field DEPSMB (number of deposit accounts, non-retirement, with a balance at or below $250,000), same year-end date as deposits (REPDTE=YYYY1231)"
REGIONS FINANCIAL CORPORATION,12368,2025,1113,937,607,131987000.0,157412000.0,20251231.0,8.433,7.099,4.599,7.071,"domestic total deposits (FDIC field DEP), call report closest to year-end (target REPDTE=YYYY1231)","FDIC total assets (field ASSET), call report at the same year-end date as deposits (target REPDTE=YYYY1231)",7202535.0,8.4276,False,"FDIC Call Report Schedule RC-O memorandum field DEPSMB (number of deposit accounts, non-retirement, with a balance at or below $250,000), same year-end date as deposits (REPDTE=YYYY1231)"
"SANTANDER BANK, NATIONAL ASSOCIATION",29950,2023,0,0,0,74579393.0,100487977.0,20231231.0,0.0,0.0,0.0,0.0,"domestic total deposits (FDIC field DEP), call report closest to year-end (target REPDTE=YYYY1231)","FDIC total assets (field ASSET), call report at the same year-end date as deposits (target REPDTE=YYYY1231)",2823019.0,0.0,True,"FDIC Call Report Schedule RC-O memorandum field DEPSMB (number of deposit accounts, non-retirement, with a balance at or below $250,000), same year-end date as deposits (REPDTE=YYYY1231)"
"SANTANDER BANK, NATIONAL ASSOCIATION",29950,2024,0,0,0,76858664.0,102700627.0,20241231.0,0.0,0.0,0.0,0.0,"domestic total deposits (FDIC field DEP), call report closest to year-end (target REPDTE=YYYY1231)","FDIC total assets (field ASSET), call report at the same year-end date as deposits (target REPDTE=YYYY1231)",2754451.0,0.0,True,"FDIC Call Report Schedule RC-O memorandum field DEPSMB (number of deposit accounts, non-retirement, with a balance at or below $250,000), same year-end date as deposits (REPDTE=YYYY1231)"
"SANTANDER BANK, NATIONAL ASSOCIATION",29950,2025,0,0,0,82137678.0,104148024.0,20251231.0,0.0,0.0,0.0,0.0,"domestic total deposits (FDIC field DEP), call report closest to year-end (target REPDTE=YYYY1231)","FDIC total assets (field ASSET), call report at the same year-end date as deposits (target REPDTE=YYYY1231)",2771477.0,0.0,True,"FDIC Call Report Schedule RC-O memorandum field DEPSMB (number of deposit accounts, non-retirement, with a balance at or below $250,000), same year-end date as deposits (REPDTE=YYYY1231)"
"SANTANDER HOLDINGS USA, INC.",29950,2023,2670,1403,181,74579393.0,100487977.0,20231231.0,35.801,18.812,2.427,26.57,"domestic total deposits (FDIC field DEP), call report closest to year-end (target REPDTE=YYYY1231)","FDIC total assets (field ASSET), call report at the same year-end date as deposits (target REPDTE=YYYY1231)",2823019.0,6.4116,True,"FDIC Call Report Schedule RC-O memorandum field DEPSMB (number of deposit accounts, non-retirement, with a balance at or below $250,000), same year-end date as deposits (REPDTE=YYYY1231)"
"SANTANDER HOLDINGS USA, INC.",29950,2024,3552,1783,229,76858664.0,102700627.0,20241231.0,46.215,23.198,2.979,34.586,"domestic total deposits (FDIC field DEP), call report closest to year-end (target REPDTE=YYYY1231)","FDIC total assets (field ASSET), call report at the same year-end date as deposits (target REPDTE=YYYY1231)",2754451.0,8.3138,True,"FDIC Call Report Schedule RC-O memorandum field DEPSMB (number of deposit accounts, non-retirement, with a balance at or below $250,000), same year-end date as deposits (REPDTE=YYYY1231)"
"SANTANDER HOLDINGS USA, INC.",29950,2025,5903,3481,496,82137678.0,104148024.0,20251231.0,71.867,42.38,6.039,56.679,"domestic total deposits (FDIC field DEP), call report closest to year-end (target REPDTE=YYYY1231)","FDIC total assets (field ASSET), call report at the same year-end date as deposits (target REPDTE=YYYY1231)",2771477.0,17.8966,False,"FDIC Call Report Schedule RC-O memorandum field DEPSMB (number of deposit accounts, non-retirement, with a balance at or below $250,000), same year-end date as deposits (REPDTE=YYYY1231)"
"SUNTRUST BANKS, INC.",10322,2023,0,0,0,,,,,,,,"domestic total deposits (FDIC field DEP), call report closest to year-end (target REPDTE=YYYY1231)","FDIC total assets (field ASSET), call report at the same year-end date as deposits (target REPDTE=YYYY1231)",,,True,"FDIC Call Report Schedule RC-O memorandum field DEPSMB (number of deposit accounts, non-retirement, with a balance at or below $250,000), same year-end date as deposits (REPDTE=YYYY1231)"
"SUNTRUST BANKS, INC.",10322,2024,0,0,0,,,,,,,,"domestic total deposits (FDIC field DEP), call report closest to year-end (target REPDTE=YYYY1231)","FDIC total assets (field ASSET), call report at the same year-end date as deposits (target REPDTE=YYYY1231)",,,True,"FDIC Call Report Schedule RC-O memorandum field DEPSMB (number of deposit accounts, non-retirement, with a balance at or below $250,000), same year-end date as deposits (REPDTE=YYYY1231)"
"SUNTRUST BANKS, INC.",10322,2025,0,0,0,,,,,,,,"domestic total deposits (FDIC field DEP), call report closest to year-end (target REPDTE=YYYY1231)","FDIC total assets (field ASSET), call report at the same year-end date as deposits (target REPDTE=YYYY1231)",,,True,"FDIC Call Report Schedule RC-O memorandum field DEPSMB (number of deposit accounts, non-retirement, with a balance at or below $250,000), same year-end date as deposits (REPDTE=YYYY1231)"
SYNCHRONY FINANCIAL,27314,2023,7095,4952,201,83515000.0,109577000.0,20231231.0,84.955,59.295,2.407,64.749,"domestic total deposits (FDIC field DEP), call report closest to year-end (target REPDTE=YYYY1231)","FDIC total assets (field ASSET), call report at the same year-end date as deposits (target REPDTE=YYYY1231)",4155592.0,4.8369,True,"FDIC Call Report Schedule RC-O memorandum field DEPSMB (number of deposit accounts, non-retirement, with a balance at or below $250,000), same year-end date as deposits (REPDTE=YYYY1231)"
SYNCHRONY FINANCIAL,27314,2024,10170,6881,218,83902000.0,111939000.0,20241231.0,121.213,82.012,2.598,90.853,"domestic total deposits (FDIC field DEP), call report closest to year-end (target REPDTE=YYYY1231)","FDIC total assets (field ASSET), call report at the same year-end date as deposits (target REPDTE=YYYY1231)",4323086.0,5.0427,True,"FDIC Call Report Schedule RC-O memorandum field DEPSMB (number of deposit accounts, non-retirement, with a balance at or below $250,000), same year-end date as deposits (REPDTE=YYYY1231)"
SYNCHRONY FINANCIAL,27314,2025,13650,9446,247,83376000.0,112115000.0,20251231.0,163.716,113.294,2.962,121.75,"domestic total deposits (FDIC field DEP), call report closest to year-end (target REPDTE=YYYY1231)","FDIC total assets (field ASSET), call report at the same year-end date as deposits (target REPDTE=YYYY1231)",4505343.0,5.4824,True,"FDIC Call Report Schedule RC-O memorandum field DEPSMB (number of deposit accounts, non-retirement, with a balance at or below $250,000), same year-end date as deposits (REPDTE=YYYY1231)"
Synovus Bank,873,2023,672,351,48,51343156.0,59685757.0,20231231.0,13.088,6.836,0.935,11.259,"domestic total deposits (FDIC field DEP), call report closest to year-end (target REPDTE=YYYY1231)","FDIC total assets (field ASSET), call report at the same year-end date as deposits (target REPDTE=YYYY1231)",809747.0,5.9278,True,"FDIC Call Report Schedule RC-O memorandum field DEPSMB (number of deposit accounts, non-retirement, with a balance at or below $250,000), same year-end date as deposits (REPDTE=YYYY1231)"
Synovus Bank,873,2024,934,449,35,52005192.0,60119623.0,20241231.0,17.96,8.634,0.673,15.536,"domestic total deposits (FDIC field DEP), call report closest to year-end (target REPDTE=YYYY1231)","FDIC total assets (field ASSET), call report at the same year-end date as deposits (target REPDTE=YYYY1231)",802917.0,4.3591,True,"FDIC Call Report Schedule RC-O memorandum field DEPSMB (number of deposit accounts, non-retirement, with a balance at or below $250,000), same year-end date as deposits (REPDTE=YYYY1231)"
Synovus Bank,873,2025,1058,601,70,51914514.0,61204265.0,20251231.0,20.38,11.577,1.348,17.286,"domestic total deposits (FDIC field DEP), call report closest to year-end (target REPDTE=YYYY1231)","FDIC total assets (field ASSET), call report at the same year-end date as deposits (target REPDTE=YYYY1231)",779984.0,8.9745,True,"FDIC Call Report Schedule RC-O memorandum field DEPSMB (number of deposit accounts, non-retirement, with a balance at or below $250,000), same year-end date as deposits (REPDTE=YYYY1231)"
TCF NATIONAL BANK,28330,2023,0,0,0,,,,,,,,"domestic total deposits (FDIC field DEP), call report closest to year-end (target REPDTE=YYYY1231)","FDIC total assets (field ASSET), call report at the same year-end date as deposits (target REPDTE=YYYY1231)",,,True,"FDIC Call Report Schedule RC-O memorandum field DEPSMB (number of deposit accounts, non-retirement, with a balance at or below $250,000), same year-end date as deposits (REPDTE=YYYY1231)"
TCF NATIONAL BANK,28330,2024,0,0,0,,,,,,,,"domestic total deposits (FDIC field DEP), call report closest to year-end (target REPDTE=YYYY1231)","FDIC total assets (field ASSET), call report at the same year-end date as deposits (target REPDTE=YYYY1231)",,,True,"FDIC Call Report Schedule RC-O memorandum field DEPSMB (number of deposit accounts, non-retirement, with a balance at or below $250,000), same year-end date as deposits (REPDTE=YYYY1231)"
TCF NATIONAL BANK,28330,2025,1,1,0,,,,,,,,"domestic total deposits (FDIC field DEP), call report closest to year-end (target REPDTE=YYYY1231)","FDIC total assets (field ASSET), call report at the same year-end date as deposits (target REPDTE=YYYY1231)",,,True,"FDIC Call Report Schedule RC-O memorandum field DEPSMB (number of deposit accounts, non-retirement, with a balance at or below $250,000), same year-end date as deposits (REPDTE=YYYY1231)"
TD BANK US HOLDING COMPANY,18409,2023,3444,2397,882,303720159.0,367174651.0,20231231.0,11.339,7.892,2.904,9.38,"domestic total deposits (FDIC field DEP), call report closest to year-end (target REPDTE=YYYY1231)","FDIC total assets (field ASSET), call report at the same year-end date as deposits (target REPDTE=YYYY1231)",15459169.0,5.7054,False,"FDIC Call Report Schedule RC-O memorandum field DEPSMB (number of deposit accounts, non-retirement, with a balance at or below $250,000), same year-end date as deposits (REPDTE=YYYY1231)"
TD BANK US HOLDING COMPANY,18409,2024,4041,2690,902,297222261.0,372778425.0,20241231.0,13.596,9.05,3.035,10.84,"domestic total deposits (FDIC field DEP), call report closest to year-end (target REPDTE=YYYY1231)","FDIC total assets (field ASSET), call report at the same year-end date as deposits (target REPDTE=YYYY1231)",14711772.0,6.1311,False,"FDIC Call Report Schedule RC-O memorandum field DEPSMB (number of deposit accounts, non-retirement, with a balance at or below $250,000), same year-end date as deposits (REPDTE=YYYY1231)"
TD BANK US HOLDING COMPANY,18409,2025,5594,3760,1290,283537865.0,346188188.0,20251231.0,19.729,13.261,4.55,16.159,"domestic total deposits (FDIC field DEP), call report closest to year-end (target REPDTE=YYYY1231)","FDIC total assets (field ASSET), call report at the same year-end date as deposits (target REPDTE=YYYY1231)",14346415.0,8.9918,False,"FDIC Call Report Schedule RC-O memorandum field DEPSMB (number of deposit accounts, non-retirement, with a balance at or below $250,000), same year-end date as deposits (REPDTE=YYYY1231)"
TRUIST FINANCIAL CORPORATION,9846,2023,3550,2814,1462,407533000.0,527548000.0,20231231.0,8.711,6.905,3.587,6.729,"domestic total deposits (FDIC field DEP), call report closest to year-end (target REPDTE=YYYY1231)","FDIC total assets (field ASSET), call report at the same year-end date as deposits (target REPDTE=YYYY1231)",15873809.0,9.2101,False,"FDIC Call Report Schedule RC-O memorandum field DEPSMB (number of deposit accounts, non-retirement, with a balance at or below $250,000), same year-end date as deposits (REPDTE=YYYY1231)"
TRUIST FINANCIAL CORPORATION,9846,2024,3970,3005,1529,402078000.0,523132000.0,20241231.0,9.874,7.474,3.803,7.589,"domestic total deposits (FDIC field DEP), call report closest to year-end (target REPDTE=YYYY1231)","FDIC total assets (field ASSET), call report at the same year-end date as deposits (target REPDTE=YYYY1231)",14530389.0,10.5228,False,"FDIC Call Report Schedule RC-O memorandum field DEPSMB (number of deposit accounts, non-retirement, with a balance at or below $250,000), same year-end date as deposits (REPDTE=YYYY1231)"
TRUIST FINANCIAL CORPORATION,9846,2025,5135,3615,1860,409427000.0,539519000.0,20251231.0,12.542,8.829,4.543,9.518,"domestic total deposits (FDIC field DEP), call report closest to year-end (target REPDTE=YYYY1231)","FDIC total assets (field ASSET), call report at the same year-end date as deposits (target REPDTE=YYYY1231)",14672713.0,12.6766,False,"FDIC Call Report Schedule RC-O memorandum field DEPSMB (number of deposit accounts, non-retirement, with a balance at or below $250,000), same year-end date as deposits (REPDTE=YYYY1231)"
U.S. BANCORP,6548,2023,4183,3514,1625,524697711.0,650658504.0,20231231.0,7.972,6.697,3.097,6.429,"domestic total deposits (FDIC field DEP), call report closest to year-end (target REPDTE=YYYY1231)","FDIC total assets (field ASSET), call report at the same year-end date as deposits (target REPDTE=YYYY1231)",44910584.0,3.6183,False,"FDIC Call Report Schedule RC-O memorandum field DEPSMB (number of deposit accounts, non-retirement, with a balance at or below $250,000), same year-end date as deposits (REPDTE=YYYY1231)"
U.S. BANCORP,6548,2024,4570,3689,1408,528517873.0,662906418.0,20241231.0,8.647,6.98,2.664,6.894,"domestic total deposits (FDIC field DEP), call report closest to year-end (target REPDTE=YYYY1231)","FDIC total assets (field ASSET), call report at the same year-end date as deposits (target REPDTE=YYYY1231)",43712195.0,3.2211,False,"FDIC Call Report Schedule RC-O memorandum field DEPSMB (number of deposit accounts, non-retirement, with a balance at or below $250,000), same year-end date as deposits (REPDTE=YYYY1231)"
U.S. BANCORP,6548,2025,5586,4587,1886,533475213.0,676125227.0,20251231.0,10.471,8.598,3.535,8.262,"domestic total deposits (FDIC field DEP), call report closest to year-end (target REPDTE=YYYY1231)","FDIC total assets (field ASSET), call report at the same year-end date as deposits (target REPDTE=YYYY1231)",43519444.0,4.3337,False,"FDIC Call Report Schedule RC-O memorandum field DEPSMB (number of deposit accounts, non-retirement, with a balance at or below $250,000), same year-end date as deposits (REPDTE=YYYY1231)"
UNITED SERVICES AUTOMOBILE ASSOCIATION,32188,2023,1620,1342,805,97383000.0,110371000.0,20231231.0,16.635,13.781,8.266,14.678,"domestic total deposits (FDIC field DEP), call report closest to year-end (target REPDTE=YYYY1231)","FDIC total assets (field ASSET), call report at the same year-end date as deposits (target REPDTE=YYYY1231)",12999202.0,6.1927,False,"FDIC Call Report Schedule RC-O memorandum field DEPSMB (number of deposit accounts, non-retirement, with a balance at or below $250,000), same year-end date as deposits (REPDTE=YYYY1231)"
UNITED SERVICES AUTOMOBILE ASSOCIATION,32188,2024,2088,1667,942,95963000.0,109221000.0,20241231.0,21.758,17.371,9.816,19.117,"domestic total deposits (FDIC field DEP), call report closest to year-end (target REPDTE=YYYY1231)","FDIC total assets (field ASSET), call report at the same year-end date as deposits (target REPDTE=YYYY1231)",13441674.0,7.0081,False,"FDIC Call Report Schedule RC-O memorandum field DEPSMB (number of deposit accounts, non-retirement, with a balance at or below $250,000), same year-end date as deposits (REPDTE=YYYY1231)"
UNITED SERVICES AUTOMOBILE ASSOCIATION,32188,2025,2697,2143,1228,93391000.0,107989000.0,20251231.0,28.879,22.947,13.149,24.975,"domestic total deposits (FDIC field DEP), call report closest to year-end (target REPDTE=YYYY1231)","FDIC total assets (field ASSET), call report at the same year-end date as deposits (target REPDTE=YYYY1231)",13575365.0,9.0458,False,"FDIC Call Report Schedule RC-O memorandum field DEPSMB (number of deposit accounts, non-retirement, with a balance at or below $250,000), same year-end date as deposits (REPDTE=YYYY1231)"
WELLS FARGO & COMPANY,3511,2023,20722,18769,9917,1416886000.0,1733244000.0,20231231.0,14.625,13.247,6.999,11.956,"domestic total deposits (FDIC field DEP), call report closest to year-end (target REPDTE=YYYY1231)","FDIC total assets (field ASSET), call report at the same year-end date as deposits (target REPDTE=YYYY1231)",62213895.0,15.9402,False,"FDIC Call Report Schedule RC-O memorandum field DEPSMB (number of deposit accounts, non-retirement, with a balance at or below $250,000), same year-end date as deposits (REPDTE=YYYY1231)"
WELLS FARGO & COMPANY,3511,2024,15181,12589,6805,1435051000.0,1705538000.0,20241231.0,10.579,8.773,4.742,8.901,"domestic total deposits (FDIC field DEP), call report closest to year-end (target REPDTE=YYYY1231)","FDIC total assets (field ASSET), call report at the same year-end date as deposits (target REPDTE=YYYY1231)",62401057.0,10.9053,False,"FDIC Call Report Schedule RC-O memorandum field DEPSMB (number of deposit accounts, non-retirement, with a balance at or below $250,000), same year-end date as deposits (REPDTE=YYYY1231)"
WELLS FARGO & COMPANY,3511,2025,19468,15899,8181,1483390000.0,1822693000.0,20251231.0,13.124,10.718,5.515,10.681,"domestic total deposits (FDIC field DEP), call report closest to year-end (target REPDTE=YYYY1231)","FDIC total assets (field ASSET), call report at the same year-end date as deposits (target REPDTE=YYYY1231)",62744079.0,13.0387,False,"FDIC Call Report Schedule RC-O memorandum field DEPSMB (number of deposit accounts, non-retirement, with a balance at or below $250,000), same year-end date as deposits (REPDTE=YYYY1231)"
