year,product_family,template_category,n,pct
2015,Bank accounts,original,4454,97.7
2015,Bank accounts,same_filer_repeat,103,2.26
2015,Bank accounts,shared_template_strict,1,0.02
2015,Bank accounts,unknown_filer,1,0.02
2015,Credit & prepaid cards,original,6900,98.36
2015,Credit & prepaid cards,same_filer_repeat,104,1.48
2015,Credit & prepaid cards,shared_template_strict,11,0.16
2015,Credit reporting,original,8352,81.42
2015,Credit reporting,same_filer_repeat,1608,15.68
2015,Credit reporting,shared_template_strict,296,2.89
2015,Credit reporting,unknown_filer,2,0.02
2015,Debt collection,original,13093,90.01
2015,Debt collection,same_filer_repeat,1263,8.68
2015,Debt collection,shared_template_strict,190,1.31
2015,Money transfers & virtual currency,original,562,98.77
2015,Money transfers & virtual currency,same_filer_repeat,5,0.88
2015,Money transfers & virtual currency,shared_template_strict,2,0.35
2015,Mortgage,original,12196,99.15
2015,Mortgage,same_filer_repeat,89,0.72
2015,Mortgage,shared_template_strict,16,0.13
2015,Other,original,85,97.7
2015,Other,same_filer_repeat,2,2.3
2015,Payday & personal loans,original,611,99.51
2015,Payday & personal loans,same_filer_repeat,2,0.33
2015,Payday & personal loans,shared_template_strict,1,0.16
2015,Student loans,original,1776,98.39
2015,Student loans,same_filer_repeat,25,1.39
2015,Student loans,shared_template_strict,4,0.22
2015,Vehicle & consumer loans,original,2931,98.72
2015,Vehicle & consumer loans,same_filer_repeat,33,1.11
2015,Vehicle & consumer loans,shared_template_strict,5,0.17
2016,Bank accounts,original,7674,98.96
2016,Bank accounts,same_filer_repeat,59,0.76
2016,Bank accounts,shared_template_strict,22,0.28
2016,Credit & prepaid cards,original,9684,97.57
2016,Credit & prepaid cards,same_filer_repeat,178,1.79
2016,Credit & prepaid cards,shared_template_strict,63,0.63
2016,Credit reporting,original,12111,80.31
2016,Credit reporting,same_filer_repeat,2252,14.93
2016,Credit reporting,shared_template_strict,716,4.75
2016,Credit reporting,unknown_filer,2,0.01
2016,Debt collection,original,16527,88.49
2016,Debt collection,same_filer_repeat,1717,9.19
2016,Debt collection,shared_template_strict,424,2.27
2016,Debt collection,unknown_filer,8,0.04
2016,Money transfers & virtual currency,original,717,100.0
2016,Mortgage,original,15638,99.2
2016,Mortgage,same_filer_repeat,115,0.73
2016,Mortgage,shared_template_strict,11,0.07
2016,Other,original,139,100.0
2016,Payday & personal loans,original,847,97.92
2016,Payday & personal loans,same_filer_repeat,17,1.97
2016,Payday & personal loans,shared_template_strict,1,0.12
2016,Student loans,original,4125,98.73
2016,Student loans,same_filer_repeat,46,1.1
2016,Student loans,shared_template_strict,7,0.17
2016,Vehicle & consumer loans,original,4586,98.29
2016,Vehicle & consumer loans,same_filer_repeat,56,1.2
2016,Vehicle & consumer loans,shared_template_strict,24,0.51
2017,Bank accounts,original,7256,99.11
2017,Bank accounts,same_filer_repeat,62,0.85
2017,Bank accounts,shared_template_strict,3,0.04
2017,Credit & prepaid cards,original,10778,96.7
2017,Credit & prepaid cards,same_filer_repeat,192,1.72
2017,Credit & prepaid cards,shared_template_strict,176,1.58
2017,Credit reporting,original,25268,59.39
2017,Credit reporting,same_filer_repeat,15746,37.01
2017,Credit reporting,shared_template_strict,1525,3.58
2017,Credit reporting,unknown_filer,10,0.02
2017,Debt collection,original,20856,88.48
2017,Debt collection,same_filer_repeat,2188,9.28
2017,Debt collection,shared_template_strict,524,2.22
2017,Debt collection,unknown_filer,3,0.01
2017,Money transfers & virtual currency,original,2088,99.57
2017,Money transfers & virtual currency,same_filer_repeat,9,0.43
2017,Mortgage,original,13028,99.06
2017,Mortgage,same_filer_repeat,88,0.67
2017,Mortgage,shared_template_strict,33,0.25
2017,Mortgage,unknown_filer,3,0.02
2017,Other,original,66,100.0
2017,Payday & personal loans,original,1876,98.79
2017,Payday & personal loans,same_filer_repeat,21,1.11
2017,Payday & personal loans,shared_template_strict,2,0.11
2017,Student loans,original,9542,98.98
2017,Student loans,same_filer_repeat,63,0.65
2017,Student loans,shared_template_strict,35,0.36
2017,Vehicle & consumer loans,original,3757,97.08
2017,Vehicle & consumer loans,same_filer_repeat,57,1.47
2017,Vehicle & consumer loans,shared_template_strict,56,1.45
2018,Bank accounts,original,6941,99.17
2018,Bank accounts,same_filer_repeat,51,0.73
2018,Bank accounts,shared_template_strict,3,0.04
2018,Bank accounts,unknown_filer,4,0.06
2018,Credit & prepaid cards,original,11375,95.96
2018,Credit & prepaid cards,same_filer_repeat,169,1.43
2018,Credit & prepaid cards,shared_template_strict,310,2.62
2018,Credit reporting,original,23818,48.63
2018,Credit reporting,same_filer_repeat,21788,44.49
2018,Credit reporting,shared_template_strict,3344,6.83
2018,Credit reporting,unknown_filer,25,0.05
2018,Debt collection,original,21875,83.79
2018,Debt collection,same_filer_repeat,2987,11.44
2018,Debt collection,shared_template_strict,1243,4.76
2018,Debt collection,unknown_filer,2,0.01
2018,Money transfers & virtual currency,original,3221,99.38
2018,Money transfers & virtual currency,same_filer_repeat,16,0.49
2018,Money transfers & virtual currency,shared_template_strict,2,0.06
2018,Money transfers & virtual currency,unknown_filer,2,0.06
2018,Mortgage,original,10137,98.71
2018,Mortgage,same_filer_repeat,116,1.13
2018,Mortgage,shared_template_strict,16,0.16
2018,Payday & personal loans,original,2352,98.16
2018,Payday & personal loans,same_filer_repeat,39,1.63
2018,Payday & personal loans,shared_template_strict,5,0.21
2018,Student loans,original,5192,98.18
2018,Student loans,same_filer_repeat,52,0.98
2018,Student loans,shared_template_strict,44,0.83
2018,Vehicle & consumer loans,original,3128,95.83
2018,Vehicle & consumer loans,same_filer_repeat,75,2.3
2018,Vehicle & consumer loans,shared_template_strict,61,1.87
2019,Bank accounts,original,7270,98.9
2019,Bank accounts,same_filer_repeat,77,1.05
2019,Bank accounts,shared_template_strict,4,0.05
2019,Credit & prepaid cards,original,11805,94.24
2019,Credit & prepaid cards,same_filer_repeat,257,2.05
2019,Credit & prepaid cards,shared_template_strict,462,3.69
2019,Credit & prepaid cards,unknown_filer,2,0.02
2019,Credit reporting,original,25112,42.92
2019,Credit reporting,same_filer_repeat,24495,41.86
2019,Credit reporting,shared_template_strict,8868,15.16
2019,Credit reporting,unknown_filer,40,0.07
2019,Debt collection,original,19773,82.58
2019,Debt collection,same_filer_repeat,2570,10.73
2019,Debt collection,shared_template_strict,1596,6.67
2019,Debt collection,unknown_filer,6,0.03
2019,Money transfers & virtual currency,original,2785,98.24
2019,Money transfers & virtual currency,same_filer_repeat,41,1.45
2019,Money transfers & virtual currency,shared_template_strict,2,0.07
2019,Money transfers & virtual currency,unknown_filer,7,0.25
2019,Mortgage,original,9850,98.16
2019,Mortgage,same_filer_repeat,136,1.36
2019,Mortgage,shared_template_strict,49,0.49
2019,Payday & personal loans,original,2353,97.03
2019,Payday & personal loans,same_filer_repeat,43,1.77
2019,Payday & personal loans,shared_template_strict,29,1.2
2019,Student loans,original,4193,97.94
2019,Student loans,same_filer_repeat,34,0.79
2019,Student loans,shared_template_strict,54,1.26
2019,Vehicle & consumer loans,original,2815,96.08
2019,Vehicle & consumer loans,same_filer_repeat,30,1.02
2019,Vehicle & consumer loans,shared_template_strict,85,2.9
2020,Bank accounts,original,9437,99.02
2020,Bank accounts,same_filer_repeat,77,0.81
2020,Bank accounts,shared_template_strict,14,0.15
2020,Bank accounts,unknown_filer,2,0.02
2020,Credit & prepaid cards,original,16174,94.57
2020,Credit & prepaid cards,same_filer_repeat,249,1.46
2020,Credit & prepaid cards,shared_template_strict,679,3.97
2020,Credit reporting,original,30713,32.02
2020,Credit reporting,same_filer_repeat,42114,43.9
2020,Credit reporting,shared_template_strict,23069,24.05
2020,Credit reporting,unknown_filer,28,0.03
2020,Debt collection,original,20706,80.16
2020,Debt collection,same_filer_repeat,2775,10.74
2020,Debt collection,shared_template_strict,2345,9.08
2020,Debt collection,unknown_filer,5,0.02
2020,Money transfers & virtual currency,original,4742,98.24
2020,Money transfers & virtual currency,same_filer_repeat,38,0.79
2020,Money transfers & virtual currency,shared_template_strict,42,0.87
2020,Money transfers & virtual currency,unknown_filer,5,0.1
2020,Mortgage,original,12331,98.91
2020,Mortgage,same_filer_repeat,91,0.73
2020,Mortgage,shared_template_strict,45,0.36
2020,Payday & personal loans,original,2287,97.36
2020,Payday & personal loans,same_filer_repeat,43,1.83
2020,Payday & personal loans,shared_template_strict,19,0.81
2020,Student loans,original,2373,96.27
2020,Student loans,same_filer_repeat,25,1.01
2020,Student loans,shared_template_strict,67,2.72
2020,Vehicle & consumer loans,original,3634,95.58
2020,Vehicle & consumer loans,same_filer_repeat,36,0.95
2020,Vehicle & consumer loans,shared_template_strict,132,3.47
2021,Bank accounts,original,12290,99.1
2021,Bank accounts,same_filer_repeat,93,0.75
2021,Bank accounts,shared_template_strict,18,0.15
2021,Credit & prepaid cards,original,15580,93.82
2021,Credit & prepaid cards,same_filer_repeat,308,1.85
2021,Credit & prepaid cards,shared_template_strict,719,4.33
2021,Credit reporting,original,39140,35.84
2021,Credit reporting,same_filer_repeat,37260,34.12
2021,Credit reporting,shared_template_strict,32791,30.03
2021,Credit reporting,unknown_filer,6,0.01
2021,Debt collection,original,25552,74.11
2021,Debt collection,same_filer_repeat,3437,9.97
2021,Debt collection,shared_template_strict,5489,15.92
2021,Money transfers & virtual currency,original,7521,94.41
2021,Money transfers & virtual currency,same_filer_repeat,57,0.72
2021,Money transfers & virtual currency,shared_template_strict,149,1.87
2021,Money transfers & virtual currency,unknown_filer,239,3.0
2021,Mortgage,original,13900,98.74
2021,Mortgage,same_filer_repeat,106,0.75
2021,Mortgage,shared_template_strict,71,0.5
2021,Payday & personal loans,original,2312,96.82
2021,Payday & personal loans,same_filer_repeat,42,1.76
2021,Payday & personal loans,shared_template_strict,34,1.42
2021,Student loans,original,2032,93.6
2021,Student loans,same_filer_repeat,23,1.06
2021,Student loans,shared_template_strict,116,5.34
2021,Vehicle & consumer loans,original,3989,93.09
2021,Vehicle & consumer loans,same_filer_repeat,46,1.07
2021,Vehicle & consumer loans,shared_template_strict,250,5.83
2022,Bank accounts,original,17884,99.18
2022,Bank accounts,same_filer_repeat,125,0.69
2022,Bank accounts,shared_template_strict,19,0.11
2022,Bank accounts,unknown_filer,4,0.02
2022,Credit & prepaid cards,original,20741,96.42
2022,Credit & prepaid cards,same_filer_repeat,411,1.91
2022,Credit & prepaid cards,shared_template_strict,355,1.65
2022,Credit & prepaid cards,unknown_filer,5,0.02
2022,Credit reporting,original,53439,22.85
2022,Credit reporting,same_filer_repeat,92140,39.39
2022,Credit reporting,shared_template_strict,88236,37.73
2022,Credit reporting,unknown_filer,73,0.03
2022,Debt collection,original,24470,77.98
2022,Debt collection,same_filer_repeat,3485,11.11
2022,Debt collection,shared_template_strict,3425,10.91
2022,Money transfers & virtual currency,original,7717,97.71
2022,Money transfers & virtual currency,same_filer_repeat,99,1.25
2022,Money transfers & virtual currency,shared_template_strict,39,0.49
2022,Money transfers & virtual currency,unknown_filer,43,0.54
2022,Mortgage,original,12158,98.93
2022,Mortgage,same_filer_repeat,99,0.81
2022,Mortgage,shared_template_strict,32,0.26
2022,Payday & personal loans,original,3106,97.0
2022,Payday & personal loans,same_filer_repeat,60,1.87
2022,Payday & personal loans,shared_template_strict,36,1.12
2022,Student loans,original,4149,97.49
2022,Student loans,same_filer_repeat,53,1.25
2022,Student loans,shared_template_strict,54,1.27
2022,Vehicle & consumer loans,original,4591,95.33
2022,Vehicle & consumer loans,same_filer_repeat,101,2.1
2022,Vehicle & consumer loans,shared_template_strict,124,2.57
2023,Bank accounts,original,27722,98.95
2023,Bank accounts,same_filer_repeat,245,0.87
2023,Bank accounts,shared_template_strict,47,0.17
2023,Bank accounts,unknown_filer,3,0.01
2023,Credit & prepaid cards,original,27960,78.67
2023,Credit & prepaid cards,same_filer_repeat,876,2.46
2023,Credit & prepaid cards,shared_template_strict,6703,18.86
2023,Credit reporting,original,60239,17.27
2023,Credit reporting,same_filer_repeat,123097,35.3
2023,Credit reporting,shared_template_strict,165234,47.38
2023,Credit reporting,unknown_filer,187,0.05
2023,Debt & credit management,original,298,97.07
2023,Debt & credit management,same_filer_repeat,2,0.65
2023,Debt & credit management,shared_template_strict,7,2.28
2023,Debt collection,original,27936,78.46
2023,Debt collection,same_filer_repeat,5208,14.63
2023,Debt collection,shared_template_strict,2454,6.89
2023,Debt collection,unknown_filer,9,0.03
2023,Money transfers & virtual currency,original,8291,98.01
2023,Money transfers & virtual currency,same_filer_repeat,83,0.98
2023,Money transfers & virtual currency,shared_template_strict,66,0.78
2023,Money transfers & virtual currency,unknown_filer,19,0.22
2023,Mortgage,original,12696,98.55
2023,Mortgage,same_filer_repeat,175,1.36
2023,Mortgage,shared_template_strict,10,0.08
2023,Mortgage,unknown_filer,2,0.02
2023,Payday & personal loans,original,4196,97.17
2023,Payday & personal loans,same_filer_repeat,88,2.04
2023,Payday & personal loans,shared_template_strict,34,0.79
2023,Student loans,original,6076,98.59
2023,Student loans,same_filer_repeat,51,0.83
2023,Student loans,shared_template_strict,36,0.58
2023,Vehicle & consumer loans,original,7116,96.68
2023,Vehicle & consumer loans,same_filer_repeat,137,1.86
2023,Vehicle & consumer loans,shared_template_strict,107,1.45
2024,Bank accounts,original,29122,98.77
2024,Bank accounts,same_filer_repeat,299,1.01
2024,Bank accounts,shared_template_strict,60,0.2
2024,Bank accounts,unknown_filer,4,0.01
2024,Credit & prepaid cards,original,33280,85.01
2024,Credit & prepaid cards,same_filer_repeat,1276,3.26
2024,Credit & prepaid cards,shared_template_strict,4593,11.73
2024,Credit & prepaid cards,unknown_filer,1,0.0
2024,Credit reporting,original,88409,14.02
2024,Credit reporting,same_filer_repeat,168021,26.64
2024,Credit reporting,shared_template_strict,372480,59.06
2024,Credit reporting,unknown_filer,1760,0.28
2024,Debt & credit management,original,1475,94.98
2024,Debt & credit management,same_filer_repeat,58,3.73
2024,Debt & credit management,shared_template_strict,20,1.29
2024,Debt collection,original,38247,54.41
2024,Debt collection,same_filer_repeat,8187,11.65
2024,Debt collection,shared_template_strict,23807,33.87
2024,Debt collection,unknown_filer,50,0.07
2024,Money transfers & virtual currency,original,10006,97.72
2024,Money transfers & virtual currency,same_filer_repeat,126,1.23
2024,Money transfers & virtual currency,shared_template_strict,86,0.84
2024,Money transfers & virtual currency,unknown_filer,21,0.21
2024,Mortgage,original,12046,98.66
2024,Mortgage,same_filer_repeat,148,1.21
2024,Mortgage,shared_template_strict,15,0.12
2024,Payday & personal loans,original,5035,96.62
2024,Payday & personal loans,same_filer_repeat,125,2.4
2024,Payday & personal loans,shared_template_strict,51,0.98
2024,Student loans,original,7902,98.47
2024,Student loans,same_filer_repeat,64,0.8
2024,Student loans,shared_template_strict,59,0.74
2024,Vehicle & consumer loans,original,7243,95.91
2024,Vehicle & consumer loans,same_filer_repeat,177,2.34
2024,Vehicle & consumer loans,shared_template_strict,132,1.75
2025,Bank accounts,original,45182,87.82
2025,Bank accounts,same_filer_repeat,443,0.86
2025,Bank accounts,shared_template_strict,5815,11.3
2025,Bank accounts,unknown_filer,8,0.02
2025,Credit & prepaid cards,original,41050,90.54
2025,Credit & prepaid cards,same_filer_repeat,1815,4.0
2025,Credit & prepaid cards,shared_template_strict,2470,5.45
2025,Credit & prepaid cards,unknown_filer,3,0.01
2025,Credit reporting,original,131923,14.45
2025,Credit reporting,same_filer_repeat,231338,25.34
2025,Credit reporting,shared_template_strict,547603,59.99
2025,Credit reporting,unknown_filer,1892,0.21
2025,Debt & credit management,original,2455,92.82
2025,Debt & credit management,same_filer_repeat,91,3.44
2025,Debt & credit management,shared_template_strict,98,3.71
2025,Debt & credit management,unknown_filer,1,0.04
2025,Debt collection,original,60184,59.82
2025,Debt collection,same_filer_repeat,12231,12.16
2025,Debt collection,shared_template_strict,28067,27.9
2025,Debt collection,unknown_filer,127,0.13
2025,Money transfers & virtual currency,original,29752,45.87
2025,Money transfers & virtual currency,same_filer_repeat,488,0.75
2025,Money transfers & virtual currency,shared_template_strict,34609,53.36
2025,Money transfers & virtual currency,unknown_filer,14,0.02
2025,Mortgage,original,13912,99.15
2025,Mortgage,same_filer_repeat,99,0.71
2025,Mortgage,shared_template_strict,20,0.14
2025,Payday & personal loans,original,7641,97.9
2025,Payday & personal loans,same_filer_repeat,120,1.54
2025,Payday & personal loans,shared_template_strict,44,0.56
2025,Student loans,original,10071,92.67
2025,Student loans,same_filer_repeat,172,1.58
2025,Student loans,shared_template_strict,625,5.75
2025,Vehicle & consumer loans,original,11340,97.04
2025,Vehicle & consumer loans,same_filer_repeat,233,1.99
2025,Vehicle & consumer loans,shared_template_strict,113,0.97
2026,Bank accounts,original,21156,99.16
2026,Bank accounts,same_filer_repeat,144,0.67
2026,Bank accounts,shared_template_strict,33,0.15
2026,Bank accounts,unknown_filer,2,0.01
2026,Credit & prepaid cards,original,21349,97.5
2026,Credit & prepaid cards,same_filer_repeat,356,1.63
2026,Credit & prepaid cards,shared_template_strict,191,0.87
2026,Credit & prepaid cards,unknown_filer,1,0.0
2026,Credit reporting,original,1499,30.31
2026,Credit reporting,same_filer_repeat,1001,20.24
2026,Credit reporting,shared_template_strict,2440,49.34
2026,Credit reporting,unknown_filer,5,0.1
2026,Debt & credit management,original,992,90.26
2026,Debt & credit management,same_filer_repeat,42,3.82
2026,Debt & credit management,shared_template_strict,65,5.91
2026,Debt collection,original,24805,61.7
2026,Debt collection,same_filer_repeat,3740,9.3
2026,Debt collection,shared_template_strict,11652,28.99
2026,Debt collection,unknown_filer,3,0.01
2026,Money transfers & virtual currency,original,9613,98.02
2026,Money transfers & virtual currency,same_filer_repeat,56,0.57
2026,Money transfers & virtual currency,shared_template_strict,92,0.94
2026,Money transfers & virtual currency,unknown_filer,46,0.47
2026,Mortgage,original,7742,99.61
2026,Mortgage,same_filer_repeat,28,0.36
2026,Mortgage,unknown_filer,2,0.03
2026,Payday & personal loans,original,4314,99.06
2026,Payday & personal loans,same_filer_repeat,31,0.71
2026,Payday & personal loans,shared_template_strict,10,0.23
2026,Student loans,original,3988,98.37
2026,Student loans,same_filer_repeat,51,1.26
2026,Student loans,shared_template_strict,15,0.37
2026,Vehicle & consumer loans,original,5826,98.4
2026,Vehicle & consumer loans,same_filer_repeat,59,1.0
2026,Vehicle & consumer loans,shared_template_strict,36,0.61
